source_id,target_id,distance
0,1,57.488619
0,2,152.314491
0,3,229.169815
0,4,284.685843
0,5,366.136310
0,6,439.110509
0,7,528.192268
0,8,617.195102
0,9,657.783390
0,10,98.763811
0,11,95.749076
0,12,197.739871
0,13,239.276188
0,14,304.965074
0,15,408.419734
0,16,447.819159
0,17,532.009615
0,18,586.986201
0,19,685.002795
0,20,158.629670
0,21,199.296546
0,22,252.785212
0,23,277.556360
0,24,358.059774
0,25,438.401386
0,26,502.935523
0,27,572.031046
0,28,642.077589
0,29,706.341250
0,30,238.197555
0,31,279.142758
0,32,310.364307
0,33,342.323493
0,34,418.067167
0,35,453.797006
0,36,544.871453
0,37,615.848951
0,38,681.150807
0,39,747.638062
0,40,336.649032
0,41,337.188258
0,42,375.652094
0,43,390.295726
0,44,436.315779
0,45,500.892032
0,46,570.170749
0,47,633.297655
0,48,727.377082
0,49,757.031133
0,50,389.900851
0,51,438.121453
0,52,420.496129
0,53,457.919193
0,54,504.006691
0,55,558.850877
0,56,606.948385
0,57,684.732193
0,58,727.952488
0,59,818.852317
0,60,487.534504
0,61,472.798389
0,62,510.288607
0,63,530.745410
0,64,585.155867
0,65,650.059491
0,66,667.035919
0,67,751.362996
0,68,776.329012
0,69,860.732214
0,70,534.631482
0,71,563.797383
0,72,577.385153
0,73,601.562944
0,74,664.248592
0,75,707.112399
0,76,716.808742
0,77,792.844204
0,78,851.338849
0,79,898.144786
0,80,640.892517
0,81,649.589745
0,82,631.428703
0,83,685.534897
0,84,706.393436
0,85,745.154907
0,86,803.651188
0,87,853.073709
0,88,911.538606
0,89,961.389937
0,90,685.841692
0,91,704.497039
0,92,722.099894
0,93,747.582556
0,94,804.454447
0,95,825.757241
0,96,866.161077
0,97,906.357241
0,98,962.683546
0,99,1015.925795
1,2,104.851643
1,3,177.023204
1,4,234.826734
1,5,314.483225
1,6,388.792424
1,7,477.899017
1,8,565.542714
1,9,605.846406
1,10,84.785507
1,11,53.812533
1,12,140.871965
1,13,182.657894
1,14,248.666749
1,15,353.334162
1,16,391.822546
1,17,477.819699
1,18,533.071142
1,19,631.234503
1,20,145.514315
1,21,154.553931
1,22,198.504570
1,23,220.419772
1,24,300.577185
1,25,381.195773
1,26,445.785571
1,27,515.417214
1,28,585.726292
1,29,650.785556
1,30,214.348449
1,31,240.606869
1,32,259.713672
1,33,289.727462
1,34,361.457156
1,35,396.790187
1,36,487.389584
1,37,558.567991
1,38,623.967993
1,39,691.209932
1,40,308.617793
1,41,300.287745
1,42,330.102702
1,43,339.757791
1,44,381.191022
1,45,444.568561
1,46,513.463226
1,47,575.947570
1,48,669.889106
1,49,699.812076
1,50,361.228747
1,51,399.533246
1,52,375.096273
1,53,409.516839
1,54,450.241995
1,55,503.312593
1,56,550.554883
1,57,627.422111
1,58,670.620554
1,59,761.386786
1,60,459.632338
1,61,438.190891
1,62,466.438029
1,63,484.471490
1,64,534.871698
1,65,596.494572
1,66,612.105838
1,67,694.817940
1,68,719.391486
1,69,803.420311
1,70,503.472944
1,71,527.177395
1,72,535.244275
1,73,555.343383
1,74,614.770093
1,75,655.284678
1,76,662.560147
1,77,737.967487
1,78,794.884334
1,79,841.600407
1,80,612.682199
1,81,615.776021
1,82,591.680660
1,83,642.115576
1,84,658.433351
1,85,694.285535
1,86,751.301118
1,87,798.594574
1,88,856.540555
1,89,905.083763
1,90,657.373143
1,91,669.710588
1,92,681.866786
1,93,704.464673
1,94,756.948305
1,95,776.428995
1,96,813.981133
1,97,852.969986
1,98,908.586627
1,99,960.602314
2,3,79.296627
2,4,132.405593
2,5,214.357317
2,6,286.809243
2,7,375.879624
2,8,465.125416
2,9,505.811967
2,10,176.450863
2,11,128.735010
2,12,113.212906
2,13,107.307454
2,14,165.604828
2,15,261.563872
2,16,303.722956
2,17,382.443266
2,18,436.848113
2,19,534.500387
2,20,227.619445
2,21,183.071241
2,22,179.687598
2,23,171.988002
2,24,232.672096
2,25,303.131072
2,26,365.921858
2,27,429.942290
2,28,498.180450
2,29,559.269626
2,30,275.207001
2,31,271.057767
2,32,250.967119
2,33,269.424525
2,34,310.235610
2,35,339.623803
2,36,417.381407
2,37,479.384960
2,38,542.941149
2,39,603.692367
2,40,354.983367
2,41,329.192581
2,42,333.873705
2,43,325.157923
2,44,341.222964
2,45,393.375923
2,46,457.068127
2,47,509.606553
2,48,596.289812
2,49,618.847420
2,50,403.526912
2,51,418.747260
2,52,376.732147
2,53,399.543564
2,54,415.841046
2,55,456.838273
2,56,496.523688
2,57,561.372362
2,58,603.732184
2,59,685.350532
2,60,499.572482
2,61,465.123727
2,62,468.958852
2,63,478.986597
2,64,513.840201
2,65,559.740771
2,66,567.590919
2,67,637.602475
2,68,657.942117
2,69,736.009431
2,70,535.697038
2,71,546.764608
2,72,540.592057
2,73,548.120449
2,74,595.126159
2,75,625.628786
2,76,621.226161
2,77,692.209744
2,78,737.634364
2,79,783.237415
2,80,648.354298
2,81,639.765723
2,82,602.066207
2,83,641.567080
2,84,643.431308
2,85,668.024536
2,86,718.117253
2,87,754.520440
2,88,809.039693
2,89,848.363688
2,90,691.764554
2,91,690.568948
2,92,689.333805
2,93,703.752857
2,94,742.070126
2,95,754.990082
2,96,780.891737
2,97,814.031117
2,98,865.688624
2,99,910.458324
3,4,60.093366
3,5,137.465957
3,6,212.041907
3,7,301.054006
3,8,388.582818
3,9,428.980585
3,10,234.169879
3,11,184.936185
3,12,110.365735
3,13,53.830663
3,14,91.542131
3,15,182.321469
3,16,224.930868
3,17,303.479084
3,18,358.135756
3,19,456.005917
3,20,274.358408
3,21,199.746856
3,22,160.955711
3,23,128.589132
3,24,165.601465
3,25,227.869761
3,26,289.266927
3,27,351.360828
3,28,419.145908
3,29,479.977510
3,30,302.653532
3,31,276.479686
3,32,228.779241
3,33,236.252846
3,34,251.073713
3,35,275.420823
3,36,344.505145
3,37,402.373503
3,38,465.192607
3,39,524.592642
3,40,366.186998
3,41,328.682692
3,42,314.043459
3,43,292.037672
3,44,288.601528
3,45,331.504253
3,46,390.860449
3,47,437.634211
3,48,520.791557
3,49,540.969142
3,50,409.213162
3,51,406.090329
3,52,352.825591
3,53,365.995294
3,54,364.390855
3,55,396.534749
3,56,431.106849
3,57,489.174011
3,58,530.920071
3,59,608.770167
3,60,500.021908
3,61,456.579286
3,62,442.006466
3,63,445.912460
3,64,468.968212
3,65,503.749256
3,66,506.779142
3,67,569.169104
3,68,587.322612
3,69,662.450976
3,70,529.153577
3,71,530.302734
3,72,513.732799
3,73,512.074581
3,74,549.660489
3,75,573.199482
3,76,561.684825
3,77,629.489072
3,78,668.624004
3,79,713.496477
3,80,642.152833
3,81,624.707227
3,82,577.566882
3,83,608.490895
3,84,600.344956
3,85,617.237386
3,86,662.513154
3,87,692.300619
3,88,744.641888
3,89,779.154340
3,90,683.864700
3,91,672.322472
3,92,661.252786
3,93,669.654895
3,94,697.856594
3,95,706.374837
3,96,724.833369
3,97,754.328940
3,98,803.489111
3,99,844.247643
4,5,83.013881
4,6,154.430541
4,7,243.539213
4,8,332.828261
4,9,373.591736
4,10,294.260223
4,11,245.015556
4,12,163.524710
4,13,93.932008
4,14,85.992259
4,15,141.077384
4,16,186.710953
4,17,253.797408
4,18,307.023253
4,19,403.909074
4,20,333.691147
4,21,253.727981
4,22,202.601360
4,23,157.413717
4,24,161.658796
4,25,202.608023
4,26,258.097778
4,27,312.042154
4,28,376.541397
4,29,432.895395
4,30,357.741827
4,31,324.226487
4,32,263.924140
4,33,263.417900
4,34,252.246923
4,35,268.705825
4,36,321.193075
4,37,368.312702
4,38,428.224201
4,39,480.952440
4,40,414.684087
4,41,372.505440
4,42,347.363623
4,43,316.738512
4,44,295.681004
4,45,326.073159
4,46,377.956175
4,47,414.532322
4,48,489.623657
4,49,503.090490
4,50,454.669059
4,51,441.781639
4,52,382.381641
4,53,388.103521
4,54,370.274331
4,55,391.527812
4,56,418.632942
4,57,465.058506
4,58,505.271648
4,59,574.410467
4,60,541.833923
4,61,493.933008
4,62,467.561488
4,63,466.736798
4,64,479.232190
4,65,502.076734
4,66,499.350013
4,67,550.596944
4,68,565.110293
4,69,634.513543
4,70,566.824627
4,71,561.876286
4,72,538.297799
4,73,529.478193
4,74,558.249306
4,75,574.577400
4,76,555.182821
4,77,618.407615
4,78,648.443865
4,79,691.922429
4,80,679.078202
4,81,656.295662
4,82,603.124539
4,83,627.218470
4,84,610.591612
4,85,619.881096
4,86,659.643377
4,87,681.402036
4,88,730.605182
4,89,758.094025
4,90,719.503137
4,91,701.432291
4,92,683.407860
4,93,687.020176
4,94,706.222243
4,95,710.469891
4,96,721.013199
4,97,746.134394
4,98,791.981636
4,99,827.279128
5,6,76.059134
5,7,164.187741
5,8,251.158886
5,9,291.658581
5,10,367.178201
5,11,318.678626
5,12,221.720644
5,13,149.291154
5,14,99.371802
5,15,71.551060
5,16,116.464579
5,17,171.283967
5,18,224.068576
5,19,320.904380
5,20,400.079847
5,21,308.311786
5,22,241.112823
5,23,185.582710
5,24,146.013503
5,25,148.815516
5,26,192.363374
5,27,236.061752
5,28,297.264326
5,29,350.907568
5,30,411.778364
5,31,365.053175
5,32,288.223293
5,33,276.407838
5,34,230.188102
5,35,234.376845
5,36,262.297421
5,37,296.364748
5,38,352.910842
5,39,400.549983
5,40,454.355399
5,41,405.111389
5,42,364.376705
5,43,322.661963
5,44,278.260429
5,45,289.829930
5,46,329.881279
5,47,353.321674
5,48,418.957797
5,49,426.518224
5,50,488.018467
5,51,459.242275
5,52,392.345555
5,53,386.947778
5,54,347.161746
5,55,353.077735
5,56,369.893087
5,57,401.851815
5,58,439.915701
5,59,500.289208
5,60,567.260408
5,61,512.820312
5,62,468.895361
5,63,461.187113
5,64,458.508299
5,65,464.955714
5,66,455.011539
5,67,492.302943
5,68,502.699821
5,69,565.789414
5,70,584.901990
5,71,570.299869
5,72,536.546526
5,73,517.541742
5,74,533.539561
5,75,540.048627
5,76,511.010667
5,77,567.871934
5,78,587.429179
5,79,629.130376
5,80,694.419918
5,81,663.327552
5,82,601.695522
5,83,615.442184
5,84,587.249849
5,85,586.306713
5,86,618.559144
5,87,630.430387
5,88,675.647079
5,89,695.426891
5,90,732.292147
5,91,704.062452
5,92,675.821511
5,93,672.496079
5,94,679.090500
5,95,677.668457
5,96,678.118740
5,97,697.764365
5,98,739.442201
5,99,768.515016
6,7,89.136670
6,8,179.212693
6,9,220.201864
6,10,443.177529
6,11,394.588720
6,12,297.010633
6,13,224.973328
6,14,170.454785
6,15,91.097560
6,16,114.801757
6,17,117.886413
6,18,162.993544
6,19,255.346257
6,20,475.857096
6,21,382.285969
6,22,311.523500
6,23,254.444161
6,24,197.745320
6,25,165.569189
6,26,184.274138
6,27,202.668679
6,28,251.928224
6,29,294.525780
6,30,485.002765
6,31,434.243206
6,32,351.884928
6,33,334.862285
6,34,268.276772
6,35,261.379117
6,36,258.346344
6,37,268.512964
6,38,315.926683
6,39,349.428541
6,40,522.201750
6,41,470.367397
6,42,422.473627
6,43,375.458844
6,44,316.826116
6,45,311.032111
6,46,336.040528
6,47,341.155274
6,48,389.462690
6,49,385.050648
6,50,552.721624
6,51,515.869276
6,52,445.726080
6,53,433.229756
6,54,377.774872
6,55,368.883037
6,56,373.549912
6,57,385.057798
6,58,418.809651
6,59,462.808608
6,60,627.166203
6,61,569.564871
6,62,515.080997
6,63,502.572777
6,64,487.761306
6,65,478.544754
6,66,461.084062
6,67,480.301433
6,68,484.706650
6,69,537.057895
6,70,640.393111
6,71,619.809876
6,72,579.402924
6,73,552.905567
6,74,557.681571
6,75,554.669578
6,76,515.974548
6,77,564.388427
6,78,570.050891
6,79,608.691407
6,80,747.285028
6,81,710.926205
6,82,643.906274
6,83,649.450737
6,84,611.735523
6,85,601.092035
6,86,625.066095
6,87,625.493296
6,88,665.220134
6,89,674.455097
6,90,783.224995
6,91,748.186896
6,92,712.488365
6,93,703.546624
6,94,698.852726
6,95,691.967481
6,96,681.876712
6,97,695.097839
6,98,731.363743
6,99,752.245235
7,8,92.646548
7,9,133.540849
7,10,531.037301
7,11,482.730863
7,12,382.095319
7,13,311.191338
7,14,252.459060
7,15,154.170008
7,16,151.716852
7,17,83.116549
7,18,98.312890
7,19,175.765546
7,20,561.614873
7,21,464.732583
7,22,389.913790
7,23,332.165559
7,24,263.010820
7,25,205.329255
7,26,194.529948
7,27,176.842851
7,28,202.484985
7,29,226.422563
7,30,565.792312
7,31,509.777296
7,32,422.079385
7,33,399.916899
7,34,316.033248
7,35,298.669291
7,36,262.423036
7,37,241.785572
7,38,273.322552
7,39,286.350475
7,40,595.292034
7,41,540.679337
7,42,485.175129
7,43,433.443321
7,44,362.217756
7,45,338.588659
7,46,345.316943
7,47,328.522633
7,48,352.754880
7,49,333.270213
7,50,621.569159
7,51,575.398278
7,52,502.712235
7,53,482.637129
7,54,411.953385
7,55,387.183149
7,56,377.788899
7,57,364.340245
7,58,391.317399
7,59,413.647170
7,60,689.419672
7,61,628.557901
7,62,562.620016
7,63,544.916671
7,64,516.765875
7,65,489.980782
7,66,464.409552
7,67,461.662349
7,68,458.732043
7,69,496.782643
7,70,697.135325
7,71,669.633949
7,72,622.021054
7,73,587.373837
7,74,579.178351
7,75,565.247555
7,76,516.314420
7,77,553.587589
7,78,542.656467
7,79,576.896414
7,80,799.896219
7,81,757.479453
7,82,684.840681
7,83,680.722337
7,84,632.560180
7,85,610.862652
7,86,624.716933
7,87,611.707778
7,88,644.278740
7,89,640.959203
7,90,833.191432
7,91,790.216524
7,92,746.045966
7,93,730.612352
7,94,712.768304
7,95,699.596442
7,96,677.324848
7,97,682.805968
7,98,712.203678
7,99,723.226806
8,9,41.050138
8,10,614.276052
8,11,566.819372
8,12,461.424927
8,13,393.010373
8,14,330.413613
8,15,224.450403
8,16,205.054741
8,17,106.541659
8,18,65.485075
8,19,88.307061
8,20,640.653774
8,21,539.497185
8,22,460.663209
8,23,403.416652
8,24,325.000322
8,25,251.273951
8,26,216.409993
8,27,165.003758
8,28,154.874668
8,29,150.673727
8,30,637.364101
8,31,575.258425
8,32,483.027806
8,33,456.001088
8,34,358.747516
8,35,332.704431
8,36,267.644338
8,37,216.292886
8,38,225.369439
8,39,213.109210
8,40,656.774811
8,41,599.580097
8,42,536.604919
8,43,481.214328
8,44,400.097747
8,45,360.339524
8,46,348.212978
8,47,309.660978
8,48,305.824285
8,49,270.547746
8,50,677.691030
8,51,621.612634
8,52,547.619442
8,53,520.074725
8,54,436.317940
8,55,396.691370
8,56,373.377883
8,57,334.265677
8,58,352.430440
8,59,350.635562
8,60,737.086583
8,61,673.331958
8,62,596.122020
8,63,573.327298
8,64,532.014369
8,65,487.894281
8,66,454.850138
8,67,429.197439
8,68,418.647063
8,69,440.672050
8,70,738.454034
8,71,703.671422
8,72,649.075030
8,73,606.501500
8,74,584.913184
8,75,559.969173
8,76,501.811874
8,77,526.424579
8,78,498.634881
8,79,527.629619
8,80,835.396526
8,81,786.729291
8,82,709.002233
8,83,694.632628
8,84,636.382078
8,85,603.625966
8,86,606.674575
8,87,580.091966
8,88,604.724150
8,89,588.852247
8,90,865.387370
8,91,814.114172
8,92,761.369282
8,93,739.252897
8,94,707.871342
8,95,688.378677
8,96,653.916325
8,97,651.375578
8,98,673.347488
8,99,674.386829
9,10,653.423640
9,11,606.237993
9,12,499.725222
9,13,432.109759
9,14,368.777700
9,15,261.910762
9,16,238.974503
9,17,139.510397
9,18,89.040046
9,19,58.638134
9,20,678.572982
9,21,576.318354
9,22,496.525514
9,23,439.668712
9,24,359.174099
9,25,281.985613
9,26,240.690083
9,27,179.750554
9,28,152.402028
9,29,128.396510
9,30,672.988807
9,31,609.080338
9,32,515.752808
9,33,487.301589
9,34,386.539138
9,35,357.939537
9,36,283.823572
9,37,221.256333
9,38,217.989851
9,39,189.875249
9,40,689.020699
9,41,631.127875
9,42,565.861816
9,43,509.542308
9,44,425.714101
9,45,380.656980
9,46,361.319454
9,47,314.173536
9,48,296.290323
9,49,252.702015
9,50,708.016384
9,51,648.601225
9,52,574.512672
9,53,544.430702
9,54,456.550082
9,55,411.627564
9,56,382.900126
9,57,332.794502
9,58,346.126018
9,59,331.024243
9,60,764.175196
9,61,699.576005
9,62,618.510162
9,63,593.903619
9,64,547.698986
9,65,496.773697
9,66,460.853734
9,67,424.844901
9,68,410.620582
9,69,423.868589
9,70,763.164872
9,71,725.731090
9,72,668.670638
9,73,623.193688
9,74,596.238993
9,75,566.761343
9,76,505.046422
9,77,523.522736
9,78,487.667511
9,79,513.692505
9,80,857.557946
9,81,806.590435
9,82,727.152929
9,83,708.683441
9,84,646.537694
9,85,609.210705
9,86,607.369627
9,87,574.596717
9,88,595.164102
9,89,572.997420
9,90,886.162128
9,91,831.734463
9,92,775.689712
9,93,750.882304
9,94,713.832221
9,95,691.642043
9,96,651.808321
9,97,645.484344
9,98,663.719904
9,99,659.749585
10,11,49.314975
10,12,157.108300
10,13,221.315019
10,14,285.593708
10,15,393.356243
10,16,426.182475
10,17,519.333734
10,18,574.942350
10,19,672.705976
10,20,62.097545
10,21,118.076942
10,22,191.045438
10,23,232.304036
10,24,319.692317
10,25,405.243964
10,26,469.344955
10,27,543.427777
10,28,614.942719
10,29,684.286228
10,30,139.434314
10,31,185.859812
10,32,234.133874
10,33,270.179831
10,34,361.882666
10,35,400.518666
10,36,499.668340
10,37,578.586145
10,38,644.868928
10,39,718.963547
10,40,238.009938
10,41,241.795645
10,42,288.271913
10,43,311.533983
10,44,370.943688
10,45,440.947200
10,46,512.158854
10,47,582.413638
10,48,681.991175
10,49,719.571013
10,50,291.264982
10,51,343.062703
10,52,332.267048
10,53,373.814573
10,54,432.161292
10,55,493.540932
10,56,546.117213
10,57,632.582147
10,58,675.871370
10,59,774.898699
10,60,388.786101
10,61,375.474156
10,62,419.366133
10,63,442.649726
10,64,503.358956
10,65,576.079042
10,66,597.896806
10,67,690.429931
10,68,718.619220
10,69,807.436433
10,70,436.211401
10,71,467.121798
10,72,484.410098
10,73,512.948035
10,74,580.377328
10,75,627.947770
10,76,644.679180
10,77,722.683383
10,78,789.171279
10,79,836.408169
10,80,542.133554
10,81,551.687542
10,82,536.394738
10,83,593.365421
10,84,619.765883
10,85,663.622254
10,86,725.319187
10,87,781.073716
10,88,841.343500
10,89,897.733276
10,90,587.085579
10,91,606.847609
10,92,627.190258
10,93,654.951724
10,94,716.797555
10,95,740.933246
10,96,787.151362
10,97,830.505201
10,98,888.909644
10,99,946.782744
11,12,115.199643
11,13,174.473657
11,14,239.764001
11,15,347.346852
11,16,381.774418
11,17,473.308497
11,18,528.931645
11,19,626.930597
11,20,100.159886
11,21,103.955882
11,22,160.702048
11,23,193.935542
11,24,279.605858
11,25,363.962710
11,26,428.499608
11,27,501.307927
11,28,572.589831
11,29,640.717834
11,30,161.843335
11,31,187.561054
11,32,214.942574
11,33,247.789920
11,34,329.890694
11,35,367.257164
11,36,463.191477
11,37,539.335909
11,38,605.438808
11,39,677.261919
11,40,254.966897
11,41,246.989912
11,42,280.448854
11,43,294.740016
11,44,344.278464
11,45,411.326738
11,46,481.709904
11,47,548.640625
11,48,646.052961
11,49,680.694915
11,50,307.482256
11,51,346.764255
11,52,325.385322
11,53,362.192801
11,54,410.050662
11,55,467.212582
11,56,517.284596
11,57,599.504984
11,58,642.844423
11,59,738.538003
11,60,405.887935
11,61,384.651552
11,62,415.864841
11,63,435.434321
11,64,489.473187
11,65,555.752402
11,66,574.204493
11,67,661.914593
11,68,688.422336
11,69,775.175186
11,70,449.679811
11,71,474.029319
11,72,483.868709
11,73,506.296486
11,74,568.500400
11,75,611.773955
11,76,623.085663
11,77,699.813853
11,78,761.467266
11,79,808.511628
11,80,558.892263
11,81,562.209544
11,82,539.407885
11,83,591.408016
11,84,610.758739
11,85,649.539956
11,86,708.497572
11,87,759.507358
11,88,818.593023
11,89,870.978873
11,90,603.571961
11,91,616.291124
11,92,629.801323
11,93,653.627901
11,94,708.914331
11,95,730.009770
11,96,770.915278
11,97,811.772315
11,98,868.665201
11,99,923.410793
12,13,72.841890
12,14,131.012563
12,15,238.151271
12,16,269.292203
12,17,363.736650
12,18,419.223001
12,19,516.592171
12,20,179.606076
12,21,90.221334
12,22,67.113117
12,23,80.037195
12,24,164.420303
12,25,248.929794
12,26,313.386178
12,27,386.678269
12,28,458.108903
12,29,527.180006
12,30,194.250305
12,31,167.345116
12,32,137.949194
12,33,159.139062
12,34,220.607626
12,35,256.058585
12,36,348.984941
12,37,424.160187
12,38,490.244804
12,39,562.475484
12,40,256.310668
12,41,222.086091
12,42,220.719382
12,43,213.860297
12,44,242.313396
12,45,303.859694
12,46,372.591282
12,47,436.037020
12,48,531.871948
12,49,565.539600
12,50,300.768286
12,51,307.076828
12,52,263.531870
12,53,287.720932
12,54,313.817172
12,55,363.438734
12,56,409.773482
12,57,487.319437
12,58,530.595136
12,59,624.083652
12,60,393.818927
12,61,354.961785
12,62,355.820701
12,63,366.684483
12,64,405.880128
12,65,459.820405
12,66,472.984359
12,67,553.964008
12,68,578.600833
12,69,663.290528
12,70,426.553766
12,71,434.498155
12,72,427.406576
12,73,436.331967
12,74,486.965863
12,75,521.936485
12,76,524.474425
12,77,598.785286
12,78,654.054593
12,79,700.742955
12,80,539.609929
12,81,527.967127
12,82,488.877173
12,83,528.926267
12,84,533.860019
12,85,562.817644
12,86,616.546947
12,87,659.954044
12,88,717.102712
12,89,764.314101
12,90,582.383945
12,91,578.136690
12,92,576.149162
12,93,591.214797
12,94,632.693049
12,95,647.943225
12,96,679.400587
12,97,716.075892
12,98,770.442583
12,99,820.707343
13,14,66.247951
13,15,173.067727
13,16,209.506257
13,17,298.927838
13,18,354.538804
13,19,452.612720
13,20,250.884731
13,21,161.807379
13,22,110.073080
13,23,74.932578
13,24,125.521799
13,25,200.053873
13,26,264.224127
13,27,332.793550
13,28,403.079303
13,29,468.776095
13,30,266.059946
13,31,230.351210
13,32,175.800984
13,33,182.424054
13,34,204.421302
13,35,232.523596
13,36,311.438526
13,37,377.558349
13,38,442.397101
13,39,508.552069
13,40,320.783810
13,41,279.662793
13,42,260.886459
13,43,238.245668
13,44,238.764026
13,45,286.900077
13,46,349.821720
13,47,403.038037
13,48,491.955342
13,49,518.360538
13,50,361.374863
13,51,353.643922
13,52,299.176629
13,53,312.295243
13,54,314.357020
13,55,350.993841
13,56,389.389163
13,57,454.830318
13,58,497.413981
13,59,582.193906
13,60,450.071076
13,61,404.708116
13,62,388.180773
13,63,392.251419
13,64,417.129940
13,65,455.966387
13,66,461.709490
13,67,530.297618
13,68,550.862587
13,69,629.956771
13,70,477.461031
13,71,477.056676
13,72,459.902328
13,73,458.733570
13,74,498.088311
13,75,523.929919
13,76,515.886013
13,77,585.798045
13,78,630.342476
13,79,675.994809
13,80,590.286010
13,81,571.513697
13,82,523.757680
13,83,554.929106
13,84,548.257198
13,85,567.392150
13,86,614.715744
13,87,648.296182
13,88,702.234988
13,89,741.074055
13,90,631.625760
13,91,618.791032
13,92,607.448716
13,93,616.213117
13,94,646.115132
13,95,655.871504
13,96,677.301051
13,97,708.762850
13,98,759.519703
13,99,803.332458
14,15,107.762535
14,16,143.269964
14,17,233.747790
14,18,289.364418
14,19,387.236489
14,20,310.375692
14,21,212.445582
14,22,141.864137
14,23,86.356711
14,24,77.372534
14,25,137.541746
14,26,200.530229
14,27,267.172690
14,28,337.124364
14,29,402.528144
14,30,314.610234
14,31,265.691517
14,32,190.920243
14,33,183.672007
14,34,167.157222
14,35,186.859060
14,36,253.114264
14,37,314.058881
14,38,378.176109
14,39,442.673293
14,40,355.019220
14,41,306.451405
14,42,270.445882
14,43,234.533783
14,44,209.772223
14,45,243.853822
14,46,300.465710
14,47,346.137049
14,48,430.744104
14,49,454.158497
14,50,389.418434
14,51,365.595692
14,52,302.216363
14,53,304.154674
14,54,284.619458
14,55,309.329898
14,56,340.922736
14,57,397.717225
14,58,439.589025
14,59,519.789362
14,60,470.843460
14,61,418.736285
14,62,384.611558
14,63,382.056880
14,64,393.267890
14,65,418.689973
14,66,418.640471
14,67,477.865569
14,68,495.781521
14,69,571.368864
14,70,491.374372
14,71,481.744247
14,72,454.672744
14,73,443.917291
14,74,472.439775
14,75,490.245742
14,76,474.066216
14,77,540.044173
14,78,577.193420
14,79,621.985046
14,80,602.400204
14,81,575.811439
14,82,519.721112
14,83,541.784279
14,84,524.667226
14,85,535.233193
14,86,576.944876
14,87,602.979810
14,88,654.362935
14,89,687.681552
14,90,641.631531
14,91,619.426901
14,92,598.700782
14,93,601.329844
14,94,620.504881
14,95,625.523732
14,96,638.784244
14,97,666.137776
14,98,714.033700
14,99,753.330540
15,16,46.100783
15,17,125.997168
15,18,181.620541
15,19,279.586335
15,20,416.671754
15,21,315.103418
15,22,237.350350
15,23,179.713441
15,24,109.859708
15,25,80.485252
15,26,121.051471
15,27,171.092805
15,28,237.141922
15,29,298.113515
15,30,413.978549
15,31,355.781299
15,32,268.153515
15,33,247.602972
15,34,177.360066
15,35,173.056045
15,36,190.841246
15,37,227.862705
15,38,287.147512
15,39,342.408204
15,40,441.142487
15,41,386.876162
15,42,334.317412
15,43,285.527485
15,44,225.995921
15,45,225.659648
15,46,260.295966
15,47,281.801595
15,48,349.907542
15,49,362.076585
15,50,468.231759
15,51,426.695865
15,52,355.703403
15,53,342.161065
15,54,288.943624
15,55,286.816190
15,56,299.888436
15,57,330.540857
15,58,369.015970
15,59,433.519250
15,60,539.159300
15,61,480.299905
15,62,423.988085
15,63,411.697590
15,64,399.745108
15,65,398.255377
15,66,385.857274
15,67,420.753638
15,68,431.360776
15,69,496.012498
15,70,550.579874
15,71,528.861705
15,72,488.438392
15,73,463.163958
15,74,471.913038
15,75,473.943401
15,76,441.700543
15,77,496.999469
15,78,515.989535
15,79,557.899122
15,80,656.729370
15,81,619.840627
15,82,553.033923
15,83,560.193903
15,84,525.918505
15,85,520.362391
15,86,549.852249
15,87,559.425681
15,88,604.189081
15,89,624.202750
15,90,692.358169
15,91,657.183215
15,92,622.610665
15,93,615.271204
15,94,615.480379
15,95,611.681125
15,96,608.766435
15,97,627.133590
15,98,668.170668
15,99,696.983811
16,17,99.466144
16,18,152.926504
16,19,248.386670
16,20,444.682812
16,21,339.633612
16,22,258.387963
16,23,202.449245
16,24,120.215685
16,25,54.301630
16,26,76.253652
16,27,126.525994
16,28,194.653998
16,29,259.316312
16,30,434.363588
16,31,370.347927
16,32,278.050592
16,33,252.127704
16,34,164.429206
16,35,150.168803
16,36,148.414671
16,37,181.817967
16,38,241.749245
16,39,300.269868
16,40,451.890605
16,41,395.150256
16,42,335.324265
16,43,282.326078
16,44,211.205586
16,45,196.931524
16,46,222.484292
16,47,237.523143
16,48,303.806767
16,49,317.021180
16,50,474.322809
16,51,424.230514
16,52,351.228847
16,53,331.207759
16,54,266.051493
16,55,254.082001
16,56,260.967428
16,57,285.515984
16,58,323.458524
16,59,387.702058
16,60,538.733339
16,61,477.203509
16,62,411.678139
16,63,395.522873
16,64,374.721585
16,65,363.979102
16,66,348.037761
16,67,376.941336
16,68,386.372856
16,69,449.982338
16,70,545.469332
16,71,518.371564
16,72,472.700970
16,73,441.939607
16,74,443.275590
16,75,440.072393
16,76,403.429204
16,77,455.685384
16,78,471.240303
16,79,512.710043
16,80,648.332238
16,81,607.058592
16,82,536.320906
16,83,537.484410
16,84,497.308616
16,85,486.514825
16,86,512.238699
16,87,517.726480
16,88,561.025797
16,89,579.000446
16,90,682.030555
16,91,641.395967
16,92,601.469158
16,93,590.409574
16,94,584.051104
16,95,577.512238
16,96,570.075504
16,97,586.198739
16,98,625.672048
16,99,652.624398
17,18,55.625527
17,19,153.717835
17,20,541.391501
17,21,437.775857
17,22,357.328413
17,23,300.788519
17,24,219.675568
17,25,144.831059
17,26,117.064048
17,27,94.913190
17,28,134.280672
17,29,179.906390
17,30,533.618774
17,31,469.704592
17,32,376.841171
17,33,349.471582
17,34,253.346860
17,35,229.613327
17,36,180.709322
17,37,161.101974
17,38,200.525201
17,39,232.270043
17,40,550.455434
17,41,493.095204
17,42,430.289957
17,43,375.277878
17,44,296.181810
17,45,263.129988
17,46,263.760134
17,47,245.705344
17,48,277.151113
17,49,267.613147
17,50,571.162273
17,51,516.196397
17,52,442.350279
17,53,416.794454
17,54,338.233091
17,55,307.508368
17,56,295.219472
17,57,282.988306
17,58,312.040838
17,59,346.124607
17,60,631.521442
17,61,568.303743
17,62,494.502332
17,63,473.834183
17,64,439.601801
17,65,408.061257
17,66,381.533412
17,67,380.209990
17,68,379.235217
17,69,423.694020
17,70,634.422601
17,71,602.081502
17,72,550.433993
17,73,511.974732
17,74,499.176112
17,75,482.992072
17,76,433.230475
17,77,471.024361
17,78,463.894745
17,79,499.900792
17,80,733.447737
17,81,687.326855
17,82,611.949047
17,83,603.510666
17,84,552.187291
17,85,528.415992
17,86,541.600781
17,87,529.645013
17,88,563.778951
17,89,564.831964
17,90,764.800381
17,91,717.387237
17,92,669.479692
17,93,651.743618
17,94,630.768098
17,95,616.818609
17,96,594.326851
17,97,600.595380
17,98,631.361152
17,99,645.416135
18,19,98.202933
18,20,596.554664
18,21,492.364261
18,22,411.313821
18,23,355.222999
18,24,272.484216
18,25,193.350570
18,26,152.540565
18,27,100.277172
18,28,105.590189
18,29,132.023628
18,30,587.134355
18,31,521.570381
18,32,427.634390
18,33,398.599863
18,34,297.560183
18,35,269.587844
18,36,202.216943
18,37,156.234809
18,38,177.378443
18,39,189.605294
18,40,600.556227
18,41,542.432461
18,42,476.822284
18,43,420.535558
18,44,337.280311
18,45,295.229079
18,46,283.150957
18,47,248.554525
18,48,257.837243
18,49,234.989884
18,50,619.038462
18,51,559.847285
18,52,485.763621
18,53,456.586661
18,54,371.239358
18,55,331.294645
18,56,309.336087
18,57,277.450148
18,58,299.985164
18,59,315.435447
18,60,675.418287
18,61,611.041734
18,62,531.774058
18,63,508.393454
18,64,466.538214
18,65,423.839915
18,66,392.123450
18,67,374.013461
18,68,367.206438
18,69,399.773077
18,70,675.231899
18,71,639.236296
18,72,583.939003
18,73,541.025754
18,74,520.013765
18,75,496.639036
18,76,440.467822
18,77,469.376415
18,78,449.717434
18,79,482.049373
18,80,771.028549
18,81,721.677564
18,82,643.647381
18,83,629.239307
18,84,571.751829
18,85,540.780938
18,86,546.646388
18,87,525.062529
18,88,553.594622
18,89,545.307708
18,90,800.577432
18,91,748.714192
18,92,695.944150
18,93,674.213052
18,94,644.715719
18,95,626.606968
18,96,595.784574
18,97,596.432892
18,98,621.992929
18,99,628.798965
19,20,693.044032
19,21,587.784205
19,22,505.832595
19,23,450.641123
19,24,365.907599
19,25,282.998528
19,26,231.554779
19,27,159.829330
19,28,112.155123
19,29,70.876603
19,30,680.446954
19,31,612.240911
19,32,517.050314
19,33,485.738446
19,34,379.372169
19,35,346.721054
19,36,260.326371
19,37,185.392268
19,38,168.895925
19,39,131.469439
19,40,688.024845
19,41,628.918953
19,42,559.369191
19,43,501.749018
19,44,413.972311
19,45,360.941409
19,46,331.630770
19,47,274.861551
19,48,243.968078
19,49,195.754097
19,50,702.776890
19,51,637.200612
19,52,563.455622
19,53,529.158338
19,54,435.558934
19,55,383.578410
19,56,348.265292
19,57,286.894274
19,58,295.782471
19,59,273.129534
19,60,752.354134
19,61,686.533142
19,62,599.417551
19,63,572.139467
19,64,519.207077
19,65,460.073005
19,66,421.192309
19,67,375.448676
19,68,358.468816
19,69,366.737664
19,70,747.130038
19,71,705.503560
19,72,644.949842
19,73,595.559845
19,74,561.759062
19,75,527.186516
19,76,462.098410
19,77,474.773220
19,78,433.256057
19,79,457.624620
19,80,836.956467
19,81,782.632412
19,82,701.024125
19,83,677.049400
19,84,610.370009
19,85,568.101096
19,86,561.420938
19,87,523.588916
19,88,541.324951
19,89,516.007817
19,90,863.308410
19,91,804.436572
19,92,744.130560
19,93,716.032211
19,94,672.684234
19,95,647.824480
19,96,603.240254
19,97,593.985382
19,98,609.706503
19,99,603.162470
20,21,109.041004
20,22,192.223034
20,23,243.331527
20,24,330.646028
20,25,416.839434
20,26,479.117141
20,27,555.192655
20,28,626.678501
20,29,698.517037
20,30,83.438032
20,31,146.979216
20,32,216.733893
20,33,255.097017
20,34,357.653050
20,35,397.492315
20,36,500.628134
20,37,583.982714
20,38,650.120446
20,39,728.594666
20,40,182.500776
20,41,196.146076
20,42,254.483238
20,43,287.571496
20,44,358.482658
20,45,431.465726
20,46,502.946206
20,47,577.815659
20,48,680.378753
20,49,723.255872
20,50,235.361455
20,51,296.201773
20,52,296.140822
20,53,342.018210
20,54,412.179515
20,55,478.445395
20,56,534.060425
20,57,626.405376
20,58,669.298662
20,59,773.521450
20,60,331.454293
20,61,323.594023
20,62,378.120284
20,63,404.873266
20,64,472.175433
20,65,551.972264
20,66,578.021993
20,67,676.695746
20,68,707.255790
20,69,798.865073
20,70,380.798729
20,71,416.164855
20,72,439.617640
20,73,473.801325
20,74,546.187077
20,75,598.306150
20,76,621.643007
20,77,700.814551
20,78,773.675777
20,79,820.972666
20,80,484.350852
20,81,497.630966
20,82,488.094894
20,83,549.059888
20,84,582.203171
20,85,631.310290
20,86,695.832036
20,87,757.182718
20,88,818.724623
20,89,880.390375
20,90,529.327492
20,91,553.308996
20,92,578.730644
20,93,609.739690
20,94,677.535505
20,95,704.715901
20,96,756.664894
20,97,802.821145
20,98,862.870603
20,99,924.589939
21,22,83.469633
21,23,137.185119
21,24,223.125777
21,25,309.003984
21,26,370.631900
21,27,447.004704
21,28,518.370046
21,29,590.759236
21,30,104.258804
21,31,89.798303
21,32,116.056967
21,33,152.431460
21,34,249.651445
21,35,289.268365
21,36,391.806077
21,37,474.944567
21,38,541.079541
21,39,619.819235
21,40,172.065931
21,41,149.587602
21,42,176.494524
21,43,193.996710
21,44,254.320677
21,45,325.800828
21,46,397.298029
21,47,470.366822
21,48,572.179415
21,49,614.277771
21,50,220.599867
21,51,246.200992
21,52,221.430305
21,53,259.016930
21,54,314.111217
21,55,376.360388
21,56,430.036605
21,57,519.588513
21,58,562.686242
21,59,665.327948
21,60,317.357621
21,61,287.803817
21,62,312.131215
21,63,331.512600
21,64,387.387839
21,65,458.089079
21,66,479.933202
21,67,573.899097
21,68,603.026509
21,69,693.247445
21,70,356.158886
21,71,374.552698
21,72,380.692600
21,73,402.363035
21,74,465.661386
21,75,511.039401
21,76,526.610232
21,77,604.620796
21,78,672.162776
21,79,719.443682
21,80,467.870065
21,81,464.952077
21,82,437.425552
21,83,487.766139
21,84,507.159284
21,85,547.686003
21,86,608.225335
21,87,663.017404
21,88,723.270164
21,89,780.311798
21,90,511.875628
21,91,517.918419
21,92,527.448659
21,93,550.062388
21,94,605.160740
21,95,626.952470
21,96,670.303855
21,97,712.881190
21,98,771.002658
21,99,828.728633
22,23,57.757700
22,24,140.238421
22,25,225.759205
22,26,287.163394
22,27,363.578984
22,28,434.915229
22,29,507.446206
22,30,176.733631
22,31,124.179904
22,32,71.422343
22,33,92.907873
22,34,170.857976
22,35,209.529706
22,36,310.082769
22,37,392.003888
22,38,458.225560
22,39,536.407403
22,40,214.222510
22,41,169.909239
22,42,155.784773
22,43,146.887008
22,44,183.757417
22,45,250.959284
22,46,321.759668
22,47,391.407314
22,48,491.641884
22,49,531.851383
22,50,252.166142
22,51,245.627974
22,52,197.513153
22,53,220.613069
22,54,251.739478
22,55,306.604063
22,56,356.764477
22,57,441.539627
22,58,484.834152
22,59,584.698992
22,60,339.998083
22,61,295.665125
22,62,289.430830
22,63,299.605843
22,64,339.940396
22,65,398.000115
22,66,414.268850
22,67,501.379618
22,68,528.462276
22,69,616.524554
22,70,368.200167
22,71,371.377410
22,72,361.179109
22,73,369.219484
22,74,420.825665
22,75,457.822791
22,76,464.175266
22,77,540.062460
22,78,600.819962
22,79,647.896998
22,80,481.215836
22,81,465.452006
22,82,423.265046
22,83,461.967286
22,84,467.174419
22,85,497.879244
22,86,553.299638
22,87,600.347623
22,88,658.770238
22,89,710.277735
22,90,523.065718
22,91,514.462122
22,92,509.884936
22,93,524.215813
22,94,566.025983
22,95,582.103066
22,96,616.069618
22,97,654.483593
22,98,710.159578
22,99,763.276252
23,24,87.884650
23,25,174.080869
23,26,237.502512
23,27,312.641301
23,28,384.235046
23,29,455.366977
23,30,234.265417
23,31,179.925358
23,32,106.874815
23,33,108.074909
23,34,142.192773
23,35,176.421105
23,36,269.308499
23,37,346.322955
23,38,412.588433
23,39,487.384388
23,40,268.800310
23,41,220.299151
23,42,189.984996
23,43,163.533126
23,44,169.376286
23,45,225.908758
23,46,293.519682
23,47,356.000643
23,48,452.200397
23,49,487.440580
23,50,303.262932
23,51,284.394063
23,52,226.125303
23,53,237.407043
23,54,243.859614
23,55,287.337142
23,56,331.340846
23,57,407.301063
23,58,450.568755
23,59,544.611692
23,60,386.372884
23,61,336.724647
23,62,313.914662
23,63,317.338819
23,64,343.741753
23,65,388.035296
23,66,397.754678
23,67,475.067830
23,68,499.033286
23,69,583.282819
23,70,409.606230
23,71,405.124262
23,72,385.493553
23,73,383.863001
23,74,424.916514
23,75,453.674122
23,76,450.542184
23,77,523.154959
23,78,575.262276
23,79,621.777600
23,80,521.705053
23,81,499.616615
23,82,449.621174
23,83,479.996550
23,84,474.457285
23,85,496.283097
23,86,546.227694
23,87,584.951161
23,88,640.937359
23,89,685.719603
23,90,562.096382
23,91,545.825404
23,92,532.741551
23,93,541.297533
23,94,572.632418
23,95,583.817304
23,96,609.031166
23,97,643.075026
23,98,695.884656
23,99,743.783863
24,25,86.259261
24,26,149.708929
24,27,224.798400
24,28,296.382484
24,29,367.876176
24,30,314.781383
24,31,250.258560
24,32,159.367791
24,33,137.780651
24,34,90.671922
24,35,109.976871
24,36,187.213704
24,37,259.740782
24,38,325.835428
24,39,399.544201
24,40,333.131517
24,41,277.732440
24,42,224.887187
24,43,178.397568
24,44,135.793692
24,45,166.656009
24,46,225.529128
24,47,277.826751
24,48,369.344193
24,49,401.130984
24,50,358.617021
24,51,318.139379
24,52,248.610216
24,53,240.941138
24,54,209.122522
24,55,232.070857
24,56,265.618435
24,57,329.611280
24,58,372.377535
24,59,460.855417
24,60,429.712723
24,61,371.843272
24,62,322.919917
24,63,315.598032
24,64,319.154356
24,65,341.334484
24,66,341.709535
24,67,405.134630
24,68,425.341281
24,69,505.095235
24,70,442.888499
24,71,425.055074
24,72,390.620600
24,73,373.838645
24,74,397.267279
24,75,413.140983
24,76,396.971713
24,77,463.917177
24,78,505.060105
24,79,550.574489
24,80,550.738695
24,81,517.668517
24,82,455.793684
24,83,471.917953
24,84,450.036954
24,85,458.303415
24,86,499.575004
24,87,526.759730
24,88,579.114421
24,89,615.774242
24,90,587.703197
24,91,558.051153
24,92,531.064647
24,93,530.231371
24,94,544.968614
24,95,548.820101
24,96,561.442251
24,97,589.283987
24,98,637.926493
24,99,679.176127
25,26,64.693881
25,27,138.560485
25,28,210.155539
25,29,281.766751
25,30,398.035784
25,31,329.340541
25,32,234.609158
25,33,205.315980
25,34,110.833846
25,35,96.347332
25,36,118.616364
25,37,177.549543
25,38,242.773117
25,39,313.719596
25,40,407.211870
25,41,349.144010
25,42,285.487345
25,43,230.930392
25,44,157.032859
25,45,145.940511
25,46,181.081207
25,47,212.054607
25,48,293.214866
25,49,318.629929
25,50,426.484661
25,51,372.431041
25,52,298.951688
25,53,277.308680
25,54,212.638049
25,55,206.349948
25,56,221.202182
25,57,262.927556
25,58,303.880399
25,59,382.451314
25,60,487.445713
25,61,425.037647
25,62,357.518951
25,63,341.234097
25,64,322.215473
25,65,317.776834
25,66,306.238811
25,67,348.247619
25,68,362.615433
25,69,434.772804
25,70,492.554808
25,71,464.359450
25,72,418.410042
25,73,388.318187
25,74,392.622490
25,75,393.460870
25,76,362.215843
25,77,419.871590
25,78,445.837913
25,79,489.397485
25,80,594.576831
25,81,552.803659
25,82,482.086004
25,83,484.313610
25,84,446.675701
25,85,439.883184
25,86,469.963695
25,87,482.634767
25,88,529.596329
25,89,555.532274
25,90,627.973535
25,91,587.124210
25,92,547.914498
25,93,538.005734
25,94,535.356862
25,95,531.197467
25,96,529.328688
25,97,549.369731
25,98,592.315351
25,99,625.024016
26,27,77.030659
26,28,147.842731
26,29,221.478188
26,30,456.018601
26,31,384.013779
26,32,288.071124
26,33,255.142855
26,34,147.874457
26,35,117.257198
26,36,74.074798
26,37,113.531389
26,38,178.226849
26,39,249.894351
26,40,457.053997
26,41,397.674050
26,42,327.955571
26,43,270.597411
26,44,185.044582
26,45,146.079271
26,46,153.664320
26,47,161.271841
26,48,232.081102
26,49,254.157431
26,50,471.264854
26,51,408.187347
26,52,334.123707
26,53,304.046278
26,54,221.398075
26,55,192.796411
26,56,189.773749
26,57,209.504967
26,58,248.141694
26,59,319.549672
26,60,523.732120
26,61,458.916230
26,62,379.729445
26,63,357.629310
26,64,322.917167
26,65,298.103020
26,66,277.450709
26,67,300.741024
26,68,310.342987
26,69,376.424752
26,70,522.701490
26,71,487.298763
26,72,433.928455
26,73,394.930459
26,74,384.772350
26,75,374.052152
26,76,331.944277
26,77,380.911580
26,78,395.088267
26,79,436.848210
26,80,618.997462
26,81,571.181457
26,82,495.062289
26,83,486.905501
26,84,438.291993
26,85,420.210365
26,86,441.100745
26,87,442.580425
26,88,484.998002
26,89,503.151640
26,90,649.310734
26,91,600.474937
26,92,552.673477
26,93,536.130744
26,94,520.465530
26,95,510.342821
26,96,497.609482
26,97,511.590519
26,98,549.947491
26,99,576.382240
27,28,71.598591
27,29,144.448507
27,30,533.049136
27,31,460.771776
27,32,364.756792
27,33,331.202931
27,34,221.943187
27,35,187.582499
27,36,104.076754
27,37,66.700252
27,38,116.849251
27,39,176.053735
27,40,532.496333
27,41,472.822150
27,42,401.130460
27,43,343.156467
27,44,254.415398
27,45,202.242752
27,46,183.249298
27,47,152.159936
27,48,186.863020
27,49,191.063589
27,50,544.701760
27,51,477.453051
27,52,403.801029
27,53,369.445799
27,54,277.709427
27,55,232.398779
27,56,209.153050
27,57,188.075781
27,58,217.970513
27,59,264.341840
27,60,592.543172
27,61,526.705870
27,62,440.840718
27,63,414.950035
27,64,368.277049
27,65,323.618499
27,66,292.791135
27,67,285.303674
27,68,284.893468
27,69,334.544846
27,70,587.678984
27,71,547.552335
27,72,489.206725
27,73,443.538355
27,74,419.916161
27,75,396.741252
27,76,342.444887
27,77,376.782474
27,78,369.853834
27,79,406.977246
27,80,679.282843
27,81,627.139520
27,82,547.408167
27,83,530.130384
27,84,471.512789
27,85,441.190213
27,86,449.836903
27,87,434.941023
27,88,468.947068
27,89,472.419601
27,90,707.031978
27,91,651.996454
27,92,596.998914
27,93,574.254484
27,94,544.865719
27,95,527.843756
27,96,501.127118
27,97,505.990088
27,98,536.465473
27,99,551.745344
28,29,75.619876
28,30,603.290313
28,31,529.903111
28,32,433.847516
28,33,399.311581
28,34,288.532870
28,35,251.902115
28,36,155.091506
28,37,73.485211
28,38,71.974145
28,39,105.624323
28,40,599.234031
28,41,539.271339
28,42,465.461150
28,43,407.192287
28,44,316.598762
28,45,256.557308
28,46,220.770225
28,47,163.283106
28,48,152.725304
28,49,133.373819
28,50,608.792932
28,51,537.258386
28,52,464.519547
28,53,426.512337
28,54,329.076469
28,55,273.134396
28,56,236.127765
28,57,180.719544
28,58,197.603265
28,59,212.513527
28,60,651.297738
28,61,584.722987
28,62,493.160289
28,63,464.198342
28,64,408.103742
28,65,348.084505
28,66,310.003797
28,67,274.512333
28,68,264.099909
28,69,294.394147
28,70,642.513553
28,71,598.042244
28,72,535.625339
28,73,484.610851
28,74,449.607289
28,75,416.062066
28,76,352.869672
28,77,372.318786
28,78,345.289190
28,79,376.669469
28,80,728.934974
28,81,672.906984
28,82,590.474800
28,83,565.038444
28,84,498.368567
28,85,457.741808
28,86,455.022745
28,87,425.278451
28,88,450.429791
28,89,439.736525
28,90,754.001565
28,91,693.344200
28,92,632.107051
28,93,603.914735
28,94,562.401580
28,95,539.360958
28,96,500.283069
28,97,496.534616
28,98,519.008159
28,99,523.492565
29,30,677.494093
29,31,604.841057
29,32,508.783103
29,33,474.586717
29,34,364.041072
29,35,327.521963
29,36,229.593800
29,37,143.168172
29,38,107.374878
29,39,62.458687
29,40,674.799102
29,41,614.855778
29,42,541.050332
29,43,482.775262
29,44,392.065901
29,45,330.709253
29,46,289.810905
29,47,222.525045
29,48,176.313392
29,49,124.882961
29,50,684.340523
29,51,612.075983
29,52,539.611233
29,53,500.756972
29,54,401.887794
29,55,342.423003
29,56,299.820660
29,57,225.944121
29,58,229.676180
29,59,202.627733
29,60,725.730073
29,61,658.999281
29,62,565.611919
29,63,535.494474
29,64,475.300895
29,65,407.361193
29,66,365.545040
29,67,309.697584
29,68,290.255443
29,69,295.877962
29,70,715.622486
29,71,669.439731
29,72,605.331752
29,73,551.869001
29,74,510.596405
29,75,470.668888
29,76,402.419350
29,77,409.160101
29,78,363.234876
29,79,386.857903
29,80,799.659113
29,81,741.819550
29,82,658.245075
29,83,628.258355
29,84,557.005515
29,85,509.691047
29,86,498.142104
29,87,455.862977
29,88,471.543301
29,89,445.138682
29,90,823.337581
29,91,759.774388
29,92,695.062849
29,93,663.530322
29,94,613.763805
29,95,586.321329
29,96,537.412000
29,97,525.756078
29,98,539.777561
29,99,532.293220
30,31,81.305618
30,32,172.171803
30,33,209.956157
30,34,320.468794
30,35,360.293319
30,36,465.612174
30,37,553.011805
30,38,617.987967
30,39,701.154489
30,40,99.267308
30,41,117.455183
30,42,186.011518
30,43,229.099212
30,44,310.936029
30,45,385.229115
30,46,455.430506
30,47,534.535867
30,48,639.369250
30,49,688.294176
30,50,152.366242
30,51,214.938329
30,52,223.735677
30,53,272.874513
30,54,354.141768
30,55,424.556569
30,56,482.692279
30,57,580.583731
30,58,622.521325
30,59,731.892304
30,60,249.415561
30,61,240.269325
30,62,299.952387
30,63,329.180548
30,64,401.569918
30,65,487.358550
30,66,517.476602
30,67,621.754381
30,68,654.658263
30,69,748.677860
30,70,297.736055
30,71,332.927672
30,72,358.768936
30,73,396.486297
30,74,472.316605
30,75,528.028237
30,76,557.455600
30,77,637.203086
30,78,716.107288
30,79,763.182506
30,80,402.720966
30,81,414.286567
30,82,405.517912
30,83,468.150165
30,84,505.497610
30,85,558.515440
30,86,625.132891
30,87,691.283135
30,88,753.739642
30,89,820.328615
30,90,447.680681
30,91,469.911336
30,92,496.001417
30,93,528.260842
30,94,599.321498
30,95,628.550086
30,96,684.847187
30,97,733.242872
30,98,794.535311
30,99,859.585877
31,32,96.061492
31,33,131.847983
31,34,243.519529
31,35,282.836654
31,36,388.130125
31,37,476.587031
31,38,540.836640
31,39,625.523835
31,40,90.488349
31,41,60.016332
31,42,107.854438
31,43,147.819603
31,44,230.609105
31,45,304.842361
31,46,374.628935
31,47,454.356425
31,48,559.493185
31,49,609.971613
31,50,133.548748
31,51,159.287242
31,52,149.204019
31,53,195.497511
31,54,272.991912
31,55,343.251784
31,56,401.452136
31,57,499.859030
31,58,541.617486
31,59,651.750272
31,60,228.518406
31,61,198.377632
31,62,233.673903
31,63,258.516175
31,64,325.471523
31,65,407.991299
31,66,436.918417
31,67,540.509245
31,68,573.352646
31,69,667.418386
31,70,266.361327
31,71,286.570527
31,72,298.748398
31,73,328.137024
31,74,399.231664
31,75,451.781960
31,76,478.002813
31,77,557.611659
31,78,635.146015
31,79,682.270147
31,80,378.194617
31,81,375.824208
31,82,352.359229
31,83,407.544245
31,84,435.965077
31,85,484.353111
31,86,549.246287
31,87,612.633302
31,88,674.736264
31,89,739.849943
31,90,422.120069
31,91,429.308552
31,92,442.979687
31,93,469.238879
31,94,532.102231
31,95,558.146058
31,96,609.855538
31,97,656.621965
31,98,717.178280
31,99,780.640087
32,33,38.651164
32,34,148.378106
32,35,188.133094
32,36,293.475652
32,37,381.261266
32,38,445.965983
32,39,529.901102
32,40,173.900410
32,41,118.775096
32,42,85.322282
32,43,80.070930
32,44,142.010602
32,45,215.684925
32,46,286.911614
32,47,363.914010
32,48,468.121286
32,49,516.131201
32,50,200.836933
32,51,178.126207
32,52,126.125899
32,53,151.249212
32,54,198.106956
32,55,261.944617
32,56,317.345081
32,57,411.269110
32,58,453.823993
32,59,560.945163
32,60,279.969633
32,61,230.009208
32,62,218.029613
32,63,229.215883
32,64,275.190047
32,65,342.183466
32,66,364.051187
32,67,460.102800
32,68,490.531190
32,69,582.483274
32,70,302.900697
32,71,301.575734
32,72,289.759012
32,73,299.367852
32,74,355.105794
32,75,396.831388
32,76,410.567781
32,77,488.582115
32,78,557.573010
32,79,604.879375
32,80,415.271891
32,81,395.941701
32,82,351.925147
32,83,391.070253
32,84,399.622109
32,85,434.890483
32,86,493.613301
32,87,546.992589
32,88,607.216921
32,89,665.108603
32,90,456.132977
32,91,444.063210
32,92,438.471709
32,93,453.409710
32,94,498.389613
32,95,516.761014
32,96,555.985645
32,97,597.457902
32,98,655.181053
32,99,712.698466
33,34,111.740628
33,35,150.994979
33,36,256.317962
33,37,344.772450
33,38,409.003763
33,39,493.822224
33,40,202.339855
33,41,143.834262
33,42,88.046820
33,43,56.230656
33,44,103.438115
33,45,177.033763
33,46,248.275708
33,47,325.374032
33,48,429.740945
33,49,478.513062
33,50,222.216769
33,51,182.849340
33,52,119.008437
33,53,130.821321
33,54,162.496238
33,55,224.153623
33,56,278.987563
33,57,372.624479
33,58,415.172878
33,59,522.494150
33,60,292.324282
33,61,236.413032
33,62,205.855723
33,63,210.788624
33,64,247.036650
33,65,307.962510
33,66,327.786167
33,67,422.105386
33,68,452.189048
33,69,543.921718
33,70,308.583055
33,71,298.620803
33,72,277.501190
33,73,278.978275
33,74,327.969146
33,75,365.595769
33,76,375.526850
33,77,452.879396
33,78,519.944856
33,79,567.242441
33,80,418.916917
33,81,392.958453
33,82,341.547964
33,83,373.734409
33,84,374.757853
33,85,405.169364
33,86,461.609742
33,87,511.999891
33,88,571.636595
33,89,627.898135
33,90,457.960274
33,91,438.206722
33,92,425.095481
33,93,435.524676
33,94,473.576559
33,95,489.197837
33,96,524.262371
33,97,564.074387
33,98,620.903947
33,99,676.870267
34,35,40.050548
34,36,145.155285
34,37,233.069426
34,38,297.589653
34,39,382.083584
34,40,310.819834
34,41,250.988016
34,42,180.094701
34,43,123.050096
34,44,48.707972
34,45,83.754248
34,46,152.132853
34,47,220.871723
34,48,322.726381
34,49,368.088934
34,50,323.406169
34,51,262.903806
34,52,189.004902
34,53,166.849632
34,54,118.664753
34,55,146.645786
34,56,189.249591
34,57,270.712316
34,58,313.990711
34,59,415.868442
34,60,378.341130
34,61,314.976721
34,62,247.822807
34,63,234.337538
34,64,229.361693
34,65,252.716086
34,66,257.402826
34,67,333.360829
34,68,358.650007
34,69,445.720430
34,70,381.844668
34,71,354.085985
34,72,311.126796
34,73,287.579332
34,74,306.771942
34,75,323.243283
34,76,311.468234
34,77,382.049571
34,78,433.449831
34,79,480.143477
34,80,483.904462
34,81,443.597095
34,82,375.674205
34,83,385.346739
34,84,359.751878
34,85,368.094386
34,86,411.449726
34,87,444.288103
34,88,499.314848
34,89,543.760293
34,90,517.785183
34,91,479.925867
34,92,446.434977
34,93,442.359065
34,94,454.336089
34,95,458.382629
34,96,473.764040
34,97,504.343132
34,98,555.453380
34,99,601.749293
35,36,105.365965
35,37,193.990685
35,38,258.010716
35,39,343.306645
35,40,347.669387
35,41,287.606736
35,42,213.834764
35,43,155.694230
35,44,67.792792
35,45,57.371501
35,46,117.761145
35,47,181.895611
35,48,282.930083
35,49,328.112017
35,50,357.372035
35,51,291.107084
35,52,217.106799
35,53,187.421172
35,54,116.407872
35,55,122.836349
35,56,156.900590
35,57,232.332426
35,58,275.670705
35,59,376.080901
35,60,406.600145
35,61,341.661483
35,62,265.052610
35,63,246.251800
35,64,226.730812
35,65,233.691007
35,66,231.799073
35,67,299.188288
35,68,322.614136
35,69,407.920102
35,70,405.777975
35,71,372.569153
35,72,323.378018
35,73,291.971348
35,74,299.518017
35,75,307.347597
35,76,287.218879
35,77,354.099671
35,78,399.427253
35,79,445.708783
35,80,503.841982
35,81,459.008060
35,82,386.520178
35,83,388.111648
35,84,353.403618
35,85,353.255155
35,86,390.937774
35,87,416.883379
35,88,469.855755
35,89,510.064568
35,90,535.593598
35,91,491.773667
35,92,451.570640
35,93,442.389585
35,94,444.719531
35,95,444.453025
35,96,452.399566
35,97,479.345278
35,98,528.082555
35,99,570.837348
36,37,89.960673
36,38,152.729464
36,39,239.276503
36,40,450.612076
36,41,390.498282
36,42,314.068029
36,43,255.932754
36,44,164.416298
36,45,101.507623
36,46,83.050826
36,47,93.498844
36,48,182.898438
36,49,223.125592
36,50,456.466951
36,51,382.486132
36,52,310.215369
36,53,271.421692
36,54,175.249447
36,55,129.096710
36,56,116.473024
36,57,144.731065
36,58,186.491867
36,59,275.401105
36,60,496.257266
36,61,429.640530
36,62,339.239897
36,63,311.927911
36,64,264.489052
36,65,227.559667
36,66,204.071529
36,67,230.398858
36,68,244.013502
36,69,318.635033
36,70,487.830451
36,71,445.178259
36,72,385.518369
36,73,339.514667
36,74,319.245088
36,75,302.914952
36,76,258.130768
36,77,307.327792
36,78,327.317060
36,79,370.783175
36,80,576.673842
36,81,523.424250
36,82,443.356858
36,83,427.030380
36,84,371.869689
36,85,348.708526
36,86,367.302387
36,87,369.311815
36,88,413.353634
36,89,436.917095
36,90,603.610642
36,91,547.920150
36,92,493.728989
36,93,472.783956
36,94,450.346060
36,95,438.129531
36,96,423.552159
36,97,437.918625
36,98,477.471683
36,99,507.093351
37,38,66.310192
37,39,149.452595
37,40,540.491863
37,41,480.371451
37,42,404.011900
37,43,345.891740
37,44,254.366586
37,45,188.939198
37,46,147.645243
37,47,93.472340
37,48,122.692864
37,49,141.426567
37,50,546.241811
37,51,470.797553
37,52,399.220022
37,53,358.647879
37,54,258.835466
37,55,200.169830
37,56,163.020192
37,57,122.641032
37,58,151.270437
37,59,206.544388
37,60,583.658348
37,61,516.768006
37,62,422.450374
37,63,392.455841
37,64,334.725997
37,65,275.913991
37,66,239.709507
37,67,219.937130
37,68,218.246269
37,69,270.114653
37,70,572.560502
37,71,526.400352
37,72,462.993090
37,73,411.266866
37,74,376.695486
37,75,345.530684
37,76,285.540946
37,77,313.558456
37,78,303.157326
37,79,340.450653
37,80,656.866836
37,81,600.008874
37,82,517.251445
37,83,491.659694
37,84,426.033745
37,85,388.290787
37,86,390.711312
37,87,370.398659
37,88,402.771366
37,89,406.035703
37,90,681.270135
37,91,619.934056
37,92,558.739267
37,93,531.178355
37,94,492.828636
37,95,472.165486
37,96,439.578085
37,97,441.661212
37,98,470.518466
37,99,485.052172
38,39,90.532672
38,40,602.284151
38,41,542.246625
38,42,464.649731
38,43,406.941375
38,44,315.538839
38,45,246.395313
38,46,193.621003
38,47,118.329563
38,48,80.814822
38,49,75.987393
38,50,605.542809
38,51,526.714591
38,52,456.757244
38,53,413.527360
38,54,311.041460
38,55,245.283204
38,56,197.024507
38,57,118.872700
38,58,128.150804
38,59,147.666813
38,60,637.645707
38,61,570.580380
38,62,471.951131
38,63,439.514161
38,64,373.850846
38,65,301.088180
38,66,258.446908
38,67,207.062892
38,68,193.443604
38,69,223.740652
38,70,622.851280
38,71,572.893025
38,72,506.253454
38,73,450.053950
38,74,404.660445
38,75,363.342820
38,76,295.226018
38,77,306.140768
38,78,273.580217
38,79,304.716449
38,80,701.462636
38,81,641.192982
38,82,556.556581
38,83,523.117444
38,84,450.214438
38,85,402.358617
38,86,392.669546
38,87,356.625045
38,88,379.356351
38,89,367.985787
38,90,723.049397
38,91,656.566387
38,92,589.664808
38,93,556.878559
38,94,506.519365
38,95,479.829657
38,96,434.593237
38,97,427.587970
38,98,447.981842
38,99,451.525285
39,40,689.887933
39,41,629.772658
39,42,553.053281
39,43,495.050378
39,44,403.502649
39,45,335.936728
39,46,284.081516
39,47,206.806025
39,48,134.346948
39,49,69.635034
39,50,694.725453
39,51,616.924299
39,52,546.537457
39,53,503.852244
39,54,401.545545
39,55,335.522978
39,56,285.524141
39,57,196.104274
39,58,189.190401
39,59,142.254449
39,60,728.128453
39,61,661.065474
39,62,562.365516
39,63,529.649209
39,64,462.256349
39,65,384.537723
39,66,339.500365
39,67,267.852209
39,68,243.129283
39,69,237.195041
39,70,713.283787
39,71,662.790662
39,72,595.472003
39,73,538.033323
39,74,488.235237
39,75,441.635592
39,76,369.670096
39,77,366.183959
39,78,310.070824
39,79,330.119704
39,80,790.790953
39,81,729.535879
39,82,644.399736
39,83,607.657686
39,84,531.298898
39,85,477.511752
39,86,458.515110
39,87,408.195773
39,88,418.645966
39,89,386.351154
39,90,811.480983
39,91,743.082740
39,92,673.628584
39,93,638.066845
39,94,580.005785
39,95,548.904086
39,96,493.048863
39,97,476.609724
39,98,486.215278
39,99,474.129044
40,41,60.122779
40,42,138.944506
40,43,195.527226
40,44,286.747795
40,45,357.976168
40,46,423.053254
40,47,505.708521
40,48,611.223859
40,49,667.419483
40,50,53.255545
40,51,127.203262
40,52,161.175435
40,53,213.113124
40,54,309.830673
40,55,383.639956
40,56,443.569560
40,57,546.947156
40,58,586.614902
40,59,701.292279
40,60,151.266317
40,61,143.028682
40,62,217.973844
40,63,252.078358
40,64,332.653339
40,65,426.913776
40,66,463.038397
40,67,573.909099
40,68,609.733863
40,69,705.874398
40,70,198.480087
40,71,235.752877
40,72,268.728290
40,73,314.130108
40,74,395.625681
40,75,457.018845
40,76,496.283369
40,77,575.726927
40,78,662.927724
40,79,709.131264
40,80,304.632646
40,81,315.140349
40,82,310.402111
40,83,376.990518
40,84,422.886352
40,85,482.619035
40,86,552.155866
40,87,625.519255
40,88,688.820122
40,89,762.340647
40,90,349.504130
40,91,370.879959
40,92,400.158389
40,93,435.482581
40,94,513.016462
40,95,545.913319
40,96,609.428352
40,97,661.163566
40,98,724.010878
40,99,793.820014
41,42,80.355044
41,43,135.726675
41,44,226.734018
41,45,298.368026
41,46,364.266755
41,47,446.620844
41,48,552.213501
41,49,607.712526
41,50,82.969630
41,51,101.267385
41,52,109.557241
41,53,160.883145
41,54,252.938504
41,55,326.327518
41,56,386.086568
41,57,488.663293
41,58,528.824019
41,59,642.742654
41,60,171.752717
41,61,138.361595
41,62,182.643715
41,63,211.891997
41,64,286.581593
41,65,376.546809
41,66,410.210781
41,67,519.091685
41,68,554.127513
41,69,649.856391
41,70,206.874632
41,71,227.084657
41,72,243.675907
41,73,279.060735
41,74,355.374064
41,75,412.705242
41,76,446.488105
41,77,526.268826
41,78,610.108601
41,79,656.715435
41,80,319.211695
41,81,315.827941
41,82,294.624863
41,83,353.066190
41,84,388.045495
41,85,441.861241
41,86,509.347534
41,87,578.362496
41,88,641.299823
41,89,711.595946
41,90,362.850824
41,91,369.447201
41,92,385.411483
41,93,414.066980
41,94,482.155110
41,95,511.096562
41,96,568.448150
41,97,617.877450
41,98,679.781614
41,99,746.877145
42,43,58.286553
42,44,149.653308
42,45,219.334470
42,46,284.171517
42,47,366.765101
42,48,472.292022
42,49,528.778878
42,50,143.573453
42,51,95.158042
42,52,44.996650
42,53,87.643380
42,54,172.846650
42,55,246.036877
42,56,305.752945
42,57,408.371494
42,58,448.469816
42,59,562.548731
42,60,204.852539
42,61,148.510451
42,62,137.007715
42,63,155.113521
42,64,217.701767
42,65,301.364790
42,66,332.539817
42,67,439.768252
42,68,474.353689
42,69,569.865783
42,70,220.962426
42,71,216.266640
42,72,207.629024
42,73,225.910858
42,74,292.568812
42,75,343.944660
42,76,371.467421
42,77,451.236566
42,78,532.023503
42,79,578.871239
42,80,332.162679
42,81,310.666657
42,82,268.214437
42,83,312.452041
42,84,331.618499
42,85,377.015701
42,86,441.429734
42,87,505.387540
42,88,567.754775
42,89,634.997275
42,90,372.157417
42,91,358.824431
42,92,356.161808
42,93,374.900589
42,94,429.124081
42,95,452.692482
42,96,502.182249
42,97,548.771506
42,98,609.421240
42,99,673.618036
43,44,91.548354
43,45,162.686736
43,46,229.694568
43,47,311.419897
43,48,417.039624
43,49,471.985946
43,50,201.694309
43,51,141.956475
43,52,70.273389
43,53,74.610317
43,54,125.417616
43,55,195.605264
43,56,254.298229
43,57,354.724901
43,58,395.729879
43,59,508.156400
43,60,256.547417
43,61,195.206947
43,62,150.914950
43,63,154.558159
43,64,195.122471
43,65,265.119700
43,66,290.603038
43,67,392.699574
43,68,425.630793
43,69,520.026871
43,70,265.054172
43,71,247.894697
43,72,222.151818
43,73,222.984675
43,74,275.192611
43,75,317.233052
43,76,334.411773
43,77,413.343794
43,78,487.749296
43,79,534.947289
43,80,372.348783
43,81,341.557252
43,82,286.630184
43,83,317.504194
43,84,320.483877
43,85,354.872994
43,86,414.284437
43,87,470.416028
43,88,531.495948
43,89,593.332455
43,90,409.660614
43,91,384.982391
43,92,369.219517
43,93,379.316468
43,94,419.331515
43,95,436.821083
43,96,476.477344
43,97,518.979450
43,98,577.530845
43,99,637.287079
44,45,74.293106
44,46,145.013664
44,47,223.747343
44,48,328.965367
44,49,381.537253
44,50,292.390249
44,51,223.421219
44,52,149.513098
44,53,120.788275
44,54,75.790162
44,55,122.966455
44,56,175.814387
44,57,269.819178
44,58,312.102736
44,59,421.141331
44,60,338.861817
44,61,273.871656
44,62,200.486765
44,63,185.747572
44,64,183.626951
44,65,218.678236
44,66,230.925400
44,67,319.612210
44,68,348.968922
44,69,440.484786
44,70,338.404067
44,71,307.427927
44,72,262.656272
44,73,239.282532
44,74,262.732546
44,75,285.175604
44,76,282.196370
44,77,356.788611
44,78,418.238806
44,79,465.466560
44,80,438.041735
44,81,395.916701
44,82,327.080227
44,83,337.200281
44,84,314.910631
44,85,328.741380
44,86,376.894584
44,87,417.686490
44,88,475.353490
44,89,527.104900
44,90,470.978568
44,91,431.495551
44,92,397.881523
44,93,394.783779
44,94,410.905325
44,95,417.801068
44,96,439.677739
44,97,474.196239
44,98,528.130348
44,99,579.610334
45,46,71.528062
45,47,149.575970
45,48,254.985053
45,49,309.463354
45,50,359.178405
45,51,281.858370
45,52,210.634527
45,53,170.050958
45,54,76.015236
45,55,65.519029
45,56,106.076623
45,57,195.651823
45,58,238.139696
45,59,346.938205
45,60,395.030031
45,61,328.295832
45,62,238.629582
45,63,213.300363
45,64,178.568457
45,65,176.448630
45,66,175.276380
45,67,250.650134
45,68,277.678533
45,69,367.544208
45,70,386.460760
45,71,345.346398
45,72,288.736021
45,73,249.047687
45,74,246.717032
45,75,250.572897
45,76,230.334236
45,77,298.906074
45,78,350.471443
45,79,397.367126
45,80,477.119483
45,81,426.449417
45,82,349.156676
45,83,342.296246
45,84,300.774871
45,85,296.670984
45,86,333.573785
45,87,361.410597
45,88,415.762934
45,89,460.525089
45,90,505.575764
45,91,454.516648
45,92,407.457385
45,93,393.806873
45,94,389.910371
45,95,387.986003
45,96,395.098617
45,97,422.831779
45,98,472.641499
45,99,518.005061
46,47,83.238596
46,48,188.282512
46,49,248.359825
46,50,419.587937
46,51,336.068545
46,52,269.089759
46,53,222.648116
46,54,118.927534
46,55,52.615947
46,56,40.676767
46,57,125.257630
46,58,167.148606
46,59,278.534182
46,60,445.000781
46,61,377.973455
46,62,278.339218
46,63,246.407999
46,64,187.579064
46,65,144.784110
46,66,125.681326
46,67,181.568825
46,68,206.733785
46,69,296.016207
46,70,429.230826
46,71,380.186442
46,72,315.547479
46,73,263.955732
46,74,236.940591
46,75,220.510298
46,76,181.413351
46,77,240.452462
46,78,281.793887
46,79,328.258405
46,80,509.927416
46,81,452.379659
46,82,369.705227
46,83,347.366530
46,84,289.157035
46,85,266.582654
46,86,289.867110
46,87,303.445876
46,88,353.900508
46,89,392.367248
46,90,533.707804
46,91,472.810265
46,92,414.371525
46,93,391.065954
46,94,367.526707
46,95,356.703148
46,96,348.471818
46,97,368.864710
46,98,414.120517
46,99,453.680150
47,48,105.621215
47,49,165.702678
47,50,502.826144
47,51,418.849152
47,52,352.323893
47,53,305.538809
47,54,201.719747
47,55,130.972882
47,56,78.803910
47,57,51.793224
47,58,94.707736
47,59,197.395069
47,60,526.590654
47,61,459.688987
47,62,357.671047
47,63,323.803289
47,64,255.670247
47,65,185.532874
47,66,146.800680
47,67,139.651043
47,68,150.578952
47,69,227.543910
47,70,508.455880
47,71,456.368372
47,72,388.667947
47,73,331.765688
47,74,288.257728
47,75,252.838741
47,76,192.166969
47,77,225.506436
47,78,234.407529
47,79,277.391373
47,80,583.991746
47,81,523.031100
47,82,438.257343
47,83,405.749576
47,84,335.745635
47,85,295.046751
47,86,298.201275
47,87,285.165347
47,88,324.374035
47,89,343.586432
47,90,604.930039
47,91,538.326508
47,92,472.537822
47,93,441.828061
47,94,399.659042
47,95,378.725992
47,96,348.976038
47,97,355.624099
47,98,390.212312
47,99,415.198178
48,49,72.101134
48,50,607.403576
48,51,521.810017
48,52,456.818889
48,53,408.986590
48,54,305.397062
48,55,232.605667
48,56,174.628482
48,57,70.737448
48,58,54.865144
48,59,93.150834
48,60,627.138226
48,61,560.627617
48,62,455.888795
48,63,420.181082
48,64,344.789135
48,65,257.896277
48,66,210.813524
48,67,134.260605
48,68,114.532455
48,69,147.712220
48,70,605.570385
48,71,549.926386
48,72,479.473128
48,73,418.165124
48,74,360.473901
48,75,309.561368
48,76,236.257017
48,77,233.433535
48,78,192.851066
48,79,224.296245
48,80,673.921525
48,81,609.301184
48,82,523.226129
48,83,480.346558
48,84,400.679414
48,85,343.913626
48,86,324.510497
48,87,279.739403
48,88,299.217348
48,89,288.240836
48,90,691.135948
48,91,618.346889
48,92,545.265394
48,93,507.101518
48,94,445.871494
48,95,414.599607
48,96,361.372300
48,97,350.017884
48,98,367.842245
48,99,370.970424
49,50,667.170290
49,51,584.397739
49,52,516.986913
49,53,471.001236
49,54,367.227586
49,55,296.509125
49,56,241.065220
49,57,141.155393
49,58,125.042448
49,59,80.654453
49,60,692.201687
49,61,625.341887
49,62,522.486192
49,63,487.703149
49,64,414.629053
49,65,329.714867
49,66,282.837720
49,67,201.242557
49,68,174.336324
49,69,171.166584
49,70,672.922308
49,71,618.822915
49,72,549.177381
49,73,488.808030
49,74,432.502416
49,75,381.381261
49,76,307.553198
49,77,298.383659
49,78,240.605809
49,79,262.161789
49,80,744.083456
49,81,680.229763
49,82,594.295759
49,83,552.373685
49,84,472.716045
49,85,414.895301
49,86,391.847156
49,87,338.869199
49,88,349.191483
49,89,320.340081
49,90,762.139258
49,91,690.121919
49,92,617.358880
49,93,579.065867
49,94,515.972205
49,95,483.016436
49,96,424.443628
49,97,407.038758
49,98,416.927087
49,99,407.410263
50,51,94.986573
50,52,150.584769
50,53,199.813687
50,54,302.243294
50,55,375.915067
50,56,435.635651
50,57,540.682193
50,58,578.540248
50,59,695.244014
50,60,98.405693
50,61,95.008439
50,62,185.431587
50,63,222.556164
50,64,307.213967
50,65,405.567581
50,66,445.107057
50,67,558.745375
50,68,596.004084
50,69,692.622654
50,70,145.437591
50,71,186.395584
50,72,226.843093
50,73,278.401243
50,74,363.093966
50,75,427.867723
50,76,473.442053
50,77,551.847489
50,78,643.643802
50,79,688.980404
50,80,251.596491
50,81,262.619926
50,82,262.881781
50,83,332.797981
50,84,385.433719
50,85,449.662383
50,86,520.683423
50,87,598.411907
50,88,661.861674
50,89,739.411503
50,90,296.415890
50,91,318.548206
50,92,351.463985
50,93,389.505295
50,94,471.997621
50,95,507.508958
50,96,575.857895
50,97,629.597720
50,98,693.171303
50,99,765.784678
51,52,74.088602
51,53,113.453565
51,54,217.170316
51,55,289.207531
51,56,348.020254
51,57,453.519714
51,58,489.813513
51,59,607.483491
51,60,115.574502
51,61,53.715642
51,62,91.546169
51,63,127.772912
51,64,212.249864
51,65,311.064883
51,66,351.542730
51,67,465.990757
51,68,503.822040
51,69,600.453270
51,70,125.810184
51,71,128.621760
51,72,143.846699
51,73,187.019174
51,74,269.723184
51,75,333.338251
51,76,378.594329
51,77,456.881877
51,78,549.320110
51,79,594.428517
51,80,237.314168
51,81,221.021727
51,82,193.397322
51,83,253.212351
51,84,295.684416
51,85,356.619526
51,86,427.002975
51,87,503.594457
51,88,567.042955
51,89,644.469364
51,90,278.022341
51,91,272.429837
51,92,284.166587
51,93,313.554403
51,94,386.400397
51,95,418.718749
51,96,483.252591
51,97,536.027160
51,98,599.342330
51,99,671.177588
52,53,51.970894
52,54,151.769129
52,55,225.604590
52,56,285.468795
52,57,390.265127
52,58,428.571186
52,59,544.869707
52,60,189.662993
52,61,126.086595
52,62,92.577707
52,63,110.474461
52,64,177.853558
52,65,267.152307
52,66,301.993422
52,67,412.849205
52,68,448.985059
52,69,545.324583
52,70,194.918611
52,71,179.635083
52,72,163.891050
52,73,181.129086
52,74,250.047151
52,75,304.295984
52,76,337.015842
52,77,416.770848
52,78,501.945578
52,79,548.299579
52,80,302.233090
52,81,273.950107
52,82,225.817084
52,83,267.651609
52,84,287.527882
52,85,335.458836
52,86,401.422330
52,87,468.887827
52,88,531.773806
52,89,602.427150
52,90,340.045031
52,91,319.738515
52,92,312.627816
52,93,330.114571
52,94,384.646301
52,95,409.197006
52,96,461.405018
52,97,509.520225
52,98,570.982539
52,99,637.393335
53,54,103.819668
53,55,176.619297
53,56,236.058004
53,57,341.364535
53,58,378.777366
53,59,495.770418
53,60,225.025898
53,61,158.244986
53,62,82.088740
53,63,80.021515
53,64,130.206153
53,65,215.697768
53,66,250.024916
53,67,361.096746
53,68,397.479378
53,69,493.926820
53,70,218.737036
53,71,187.249557
53,72,150.555932
53,73,148.631480
53,74,206.730353
53,75,256.318017
53,76,285.698474
53,77,365.505933
53,78,449.981368
53,79,496.360306
53,80,317.327135
53,81,277.725429
53,82,215.687672
53,83,242.939870
53,84,248.916982
53,85,290.030831
53,86,353.823330
53,87,418.513944
53,88,481.159552
53,89,550.739397
53,90,350.955871
53,91,317.117942
53,92,295.737109
53,93,304.707191
53,94,347.501288
53,95,367.937557
53,96,414.731953
53,97,461.136881
53,98,521.904087
53,99,586.924001
54,55,73.967191
54,56,133.933274
54,57,238.496264
54,58,277.107953
54,59,393.103919
54,60,326.618856
54,61,259.552679
54,62,164.122356
54,63,137.353606
54,64,111.354882
54,65,146.274129
54,66,166.081157
54,67,267.751570
54,68,301.647530
54,69,397.020915
54,70,313.736848
54,71,269.996006
54,72,212.772670
54,73,175.946898
54,74,188.146861
54,75,209.850653
54,76,213.057237
54,77,290.530370
54,78,362.331826
54,79,409.534395
54,80,401.626149
54,81,350.438387
54,82,273.716414
54,83,271.706106
54,84,241.100068
54,85,253.039451
54,86,302.922790
54,87,349.518352
54,88,409.235383
54,89,468.234013
54,90,429.620417
54,91,379.159309
54,92,335.420232
54,93,326.361133
54,94,335.950752
54,95,342.018442
54,96,365.786202
54,97,402.762067
54,98,458.697040
54,99,514.621469
55,56,59.971706
55,57,164.794430
55,58,203.142702
55,59,319.328949
55,60,395.692717
55,61,328.854419
55,62,227.042623
55,63,194.252522
55,64,136.119877
55,65,111.898505
55,66,110.759055
55,67,198.267446
55,68,230.112388
55,69,324.498407
55,70,377.955746
55,71,327.848666
55,72,262.932532
55,73,212.102600
55,74,191.997590
55,75,187.170694
55,76,165.154399
55,77,235.819173
55,78,295.811666
55,79,343.102113
55,80,457.364266
55,81,399.843159
55,82,317.473164
55,83,297.945186
55,84,245.506459
55,85,233.562612
55,86,268.126664
55,87,297.779562
55,88,353.757131
55,89,404.240118
55,90,481.119486
55,91,420.996976
55,92,364.695747
55,93,344.305837
55,94,329.977038
55,95,324.907594
55,96,329.581220
55,97,357.916819
55,98,408.882999
55,99,457.321499
56,57,105.503076
56,58,143.175223
56,59,259.714527
56,60,452.510964
56,61,386.015481
56,62,281.618328
56,63,246.643397
56,64,176.869281
56,65,114.527928
56,66,87.682700
56,67,144.630032
56,68,173.201504
56,69,266.001159
56,70,431.872791
56,71,378.346311
56,72,310.043287
56,73,253.032910
56,74,213.705471
56,75,188.029068
56,76,142.508153
56,77,199.776016
56,78,244.397617
56,79,291.298647
56,80,505.375990
56,81,444.230884
56,82,359.539636
56,83,329.145016
56,84,263.652908
56,85,233.211605
56,86,251.522688
56,87,262.769112
56,88,313.538604
56,89,354.540623
56,90,526.126459
56,91,460.089186
56,92,396.161027
56,93,368.265954
56,94,336.099499
56,95,321.921240
56,96,309.161050
56,97,328.355524
56,98,373.465598
56,99,413.945087
57,58,43.341025
57,59,154.616557
57,60,557.447832
57,61,491.151143
57,62,385.705702
57,63,349.715084
57,64,274.095724
57,65,189.231994
57,66,143.446775
57,67,97.322110
57,68,100.856932
57,69,176.000185
57,70,535.078383
57,71,479.193558
57,72,408.773536
57,73,347.766849
57,74,292.638886
57,75,246.145272
57,76,176.480917
57,77,192.229156
57,78,185.884841
57,79,227.399502
57,80,603.340256
57,81,539.105227
57,82,453.144408
57,83,412.361513
57,84,335.205765
57,85,283.923712
57,86,274.804645
57,87,247.867597
57,88,281.132504
57,89,293.701225
57,90,621.001103
57,91,549.309033
57,92,477.952808
57,93,441.986098
57,94,387.836594
57,95,361.072353
57,96,319.723171
57,97,319.188248
57,98,348.427931
57,99,367.794153
58,59,118.350130
58,60,591.137606
58,61,525.427598
58,62,418.432685
58,63,381.429559
58,64,302.108810
58,65,209.914981
58,66,161.848905
58,67,80.023512
58,68,67.426108
58,69,132.836182
58,70,566.167764
58,71,508.062501
58,72,436.305417
58,73,373.148413
58,74,310.701736
58,75,256.823574
58,76,182.556628
58,77,179.484751
58,78,151.898968
58,79,190.085712
58,80,629.282032
58,81,563.036470
58,82,476.771805
58,83,430.354810
58,84,348.753804
58,85,289.859564
58,86,269.732972
58,87,228.474945
58,88,253.622103
58,89,256.162967
58,90,644.558590
58,91,569.507090
58,92,494.454501
58,93,454.729495
58,94,391.303754
58,95,359.735086
58,96,307.798574
58,97,299.463420
58,98,322.011172
58,99,333.818527
59,60,709.474902
59,61,643.699633
59,62,536.780426
59,63,499.717156
59,64,419.640488
59,65,324.708138
59,66,276.397087
59,67,171.770771
59,68,134.862239
59,69,96.117215
59,70,684.273550
59,71,625.520116
59,72,553.306382
59,73,489.246816
59,74,422.116949
59,75,362.320279
59,76,286.425403
59,77,257.202530
59,78,178.660008
59,79,190.987278
59,80,745.047658
59,81,677.560205
59,82,591.351877
59,83,540.452822
59,84,455.269756
59,85,388.747965
59,86,353.061596
59,87,286.002216
59,88,285.168303
59,89,244.507702
59,90,758.590849
59,91,680.872098
59,92,602.528449
59,93,558.890544
59,94,483.858267
59,95,445.456365
59,96,375.751098
59,97,349.553888
59,98,350.756778
59,99,332.622215
60,61,67.066280
60,62,173.094239
60,63,211.232011
60,64,296.336282
60,65,397.708838
60,66,442.599038
60,67,558.360042
60,68,597.578110
60,69,693.400164
60,70,56.066048
60,71,117.804586
60,72,181.428583
60,73,245.330965
60,74,332.412164
60,75,402.210835
60,76,459.911052
60,77,533.984902
60,78,633.369886
60,79,676.215180
60,80,153.403216
60,81,172.672739
60,82,195.005385
60,83,272.351784
60,84,341.501722
60,85,414.457022
60,86,486.941483
60,87,572.677617
60,88,635.347618
60,89,720.260661
60,90,198.322221
60,91,228.738790
60,92,275.744244
60,93,321.635940
60,94,416.100373
60,95,457.530677
60,96,536.114340
60,97,593.489332
60,98,657.746913
60,99,735.572360
61,62,109.279357
61,63,148.108853
61,64,234.400745
61,65,335.722119
61,66,379.414414
61,67,495.075070
61,68,533.936604
61,69,630.145015
61,70,72.891678
61,71,92.784515
61,72,134.421977
61,73,191.847407
61,74,278.762339
61,75,346.749036
61,76,400.050249
61,77,475.991983
61,78,573.054061
61,79,616.820967
61,80,185.593960
61,81,177.592103
61,82,168.016841
61,83,238.205384
61,84,295.387025
61,85,363.725970
61,86,435.800152
61,87,518.036026
61,88,581.236506
61,89,663.279785
61,90,227.568568
61,91,231.814262
61,92,257.235105
61,93,294.499398
61,94,378.714041
61,95,415.974135
61,96,488.408952
61,97,543.954417
61,98,608.014356
61,99,683.397989
62,63,38.897430
62,64,125.367492
62,65,226.525211
62,66,270.186662
62,67,385.892562
62,68,424.873415
62,69,520.973083
62,70,150.929232
62,71,107.604817
62,72,71.891067
62,73,96.783163
62,74,178.177560
62,75,242.502414
62,76,291.645068
62,77,368.617341
62,78,464.218869
62,79,508.363472
62,80,239.276769
62,81,195.878637
62,82,135.748949
62,83,175.679267
62,84,205.937687
62,85,265.080073
62,86,335.524000
62,87,413.342956
62,88,476.773986
62,89,556.236357
62,90,270.641361
62,91,235.305713
62,92,220.467362
62,93,238.061536
62,94,299.540973
62,95,329.146612
62,96,391.750184
62,97,444.530484
62,98,507.927392
62,99,580.417911
63,64,86.484974
63,65,187.638663
63,66,231.540532
63,67,347.288329
63,68,386.390867
63,69,482.365897
63,70,185.391087
63,71,133.947173
63,72,77.180941
63,73,70.885214
63,74,143.930603
63,75,205.629225
63,76,252.889475
63,77,330.169389
63,78,425.342378
63,79,469.558898
63,80,264.857715
63,81,213.554161
63,82,141.337755
63,83,162.946273
63,84,177.449159
63,85,230.828158
63,86,300.087672
63,87,375.860502
63,88,439.310523
63,89,517.825414
63,90,292.276585
63,91,245.941622
63,92,216.681780
63,93,224.855048
63,94,274.181239
63,95,299.866421
63,96,357.661263
63,97,409.110255
63,98,472.111670
63,99,543.411252
64,65,101.435595
64,66,146.727422
64,67,262.323249
64,68,301.835692
64,69,397.231333
64,70,265.557055
64,71,205.955769
64,72,134.684956
64,73,76.592627
64,74,81.286141
64,75,126.475641
64,76,166.628499
64,77,244.633894
64,78,338.857452
64,79,383.152771
64,80,329.480665
64,81,267.361605
64,82,182.966361
64,83,163.998665
64,84,131.569230
64,85,160.320160
64,86,223.804616
64,87,292.866499
64,88,356.175963
64,89,432.226383
64,90,349.264257
64,91,285.259754
64,92,229.926255
64,93,215.790353
64,94,228.985760
64,95,242.163181
64,96,284.526198
64,97,331.672983
64,98,393.229931
64,99,461.217876
65,66,48.322329
65,67,161.821289
65,68,201.684715
65,69,296.290242
65,70,365.405757
65,71,303.292326
65,72,230.128941
65,73,164.872208
65,74,103.749046
65,75,76.138068
65,76,70.105316
65,77,149.905072
65,78,238.312606
65,79,283.412939
65,80,420.345200
65,81,353.240778
65,82,266.969088
65,83,223.189387
65,84,150.297014
65,85,122.547416
65,86,158.796801
65,87,205.311761
65,88,266.831052
65,89,335.447662
65,90,434.667684
65,91,360.450643
65,92,289.116546
65,93,256.317865
65,94,222.787860
65,95,213.598443
65,96,221.337021
65,97,256.488333
65,98,313.033408
65,99,372.735068
66,67,115.763130
66,68,155.117857
66,69,250.829223
66,70,412.053488
66,71,350.800563
66,72,277.869954
66,73,213.014994
66,74,149.665183
66,75,106.058388
66,76,56.064962
66,77,125.863350
66,78,199.967994
66,79,246.507347
66,80,468.650772
66,81,401.514438
66,82,315.246781
66,83,269.537593
66,84,192.052408
66,85,148.776144
66,86,164.207874
66,87,187.197868
66,88,244.502859
66,89,302.935152
66,90,482.877387
66,91,407.886619
66,92,334.700162
66,93,298.844074
66,94,253.160986
66,95,235.360191
66,96,223.114862
66,97,247.584063
66,98,298.189529
66,99,349.238659
67,68,40.062784
67,69,135.081386
67,70,527.198897
67,71,464.920411
67,72,391.585526
67,73,325.644507
67,74,252.700028
67,75,190.707146
67,76,114.867337
67,77,99.472493
67,78,100.239467
67,79,146.785282
67,80,579.066484
67,81,509.872975
67,82,424.112452
67,83,369.651024
67,84,283.626735
67,85,217.746233
67,86,190.734749
67,87,151.092683
67,88,184.918848
67,89,210.907791
67,90,590.078467
67,91,510.399650
67,92,430.981842
67,93,387.173587
67,94,315.971242
67,95,281.789219
67,96,227.858623
67,97,222.464707
67,98,251.529085
67,99,276.783890
68,69,96.643442
68,70,566.961801
68,71,504.887639
68,72,431.582894
68,73,365.690649
68,74,292.440137
68,75,229.361445
68,76,153.828312
68,77,125.106494
68,78,85.356855
68,79,126.823272
68,80,619.072200
68,81,549.754062
68,82,464.061741
68,83,408.819618
68,84,322.091840
68,85,253.989106
68,86,220.289738
68,87,165.697400
68,88,186.438523
68,89,193.063465
68,90,629.825496
68,91,549.652245
68,92,469.501719
68,93,424.619154
68,94,349.442010
68,95,312.500328
68,96,250.107706
68,97,235.569177
68,98,254.952570
68,99,267.545612
69,70,661.588313
69,71,598.518075
69,72,525.033427
69,73,458.625194
69,74,381.544785
69,75,314.639257
69,76,241.819450
69,77,190.459157
69,78,92.632965
69,79,95.402925
69,80,709.379369
69,81,638.833185
69,82,553.993666
69,83,494.196225
69,84,405.335614
69,85,331.585162
69,86,283.314700
69,87,203.855838
69,88,192.783901
69,89,149.293982
69,90,717.671459
69,91,634.776194
69,92,551.698387
69,93,503.156650
69,94,417.157635
69,95,374.052236
69,96,294.945550
69,97,261.278139
69,98,256.423163
69,99,236.938196
70,71,67.968121
70,72,138.985111
70,73,205.474243
70,74,290.788014
70,75,361.446223
70,76,423.751027
70,77,494.951123
70,78,596.847408
70,79,638.277578
70,80,113.114055
70,81,118.164192
70,82,141.628705
70,83,220.044060
70,84,294.084172
70,85,369.463123
70,86,441.744630
70,87,529.965252
70,88,591.903834
70,89,679.336377
70,90,156.067659
70,91,174.360889
70,92,219.926621
70,93,266.912260
70,94,363.834697
70,95,406.787825
70,96,488.304395
70,97,546.643185
70,98,610.827339
70,99,690.223156
71,72,73.513089
71,73,140.206367
71,74,223.907930
71,75,294.667797
71,76,358.916408
71,77,428.565829
71,78,531.389429
71,79,572.137359
71,80,131.828426
71,81,94.500473
71,82,78.346552
71,83,154.599184
71,84,226.150193
71,85,301.574379
71,86,373.813218
71,87,462.376188
71,88,524.146310
71,89,612.114755
71,90,163.706865
71,91,143.884272
71,92,165.092667
71,93,205.967713
71,94,298.299227
71,95,340.019941
71,96,420.481870
71,97,478.710825
71,98,542.907903
71,99,622.260913
72,73,66.774748
72,74,152.002659
72,75,222.541987
72,76,285.494663
72,77,355.968663
72,78,458.200342
72,79,499.344095
72,80,195.333317
72,81,137.933124
72,82,65.198855
72,83,109.448451
72,84,161.522384
72,85,233.034991
72,86,305.517833
72,87,391.865943
72,88,454.258992
72,89,540.615180
72,90,218.404137
72,91,168.848160
72,92,148.742667
72,93,170.547895
72,94,245.169666
72,95,281.554536
72,96,355.617589
72,97,412.373914
72,98,476.614508
72,99,554.144119
73,74,87.273863
73,75,156.922027
73,76,218.726548
73,77,289.648595
73,78,391.467953
73,79,432.826636
73,80,256.140958
73,81,191.625335
73,82,106.510543
73,83,98.081460
73,84,109.155036
73,85,172.000229
73,86,243.957262
73,87,327.466767
73,88,390.337871
73,89,475.092377
73,90,273.598877
73,91,208.899572
73,92,159.612544
73,93,157.746502
73,94,203.968860
73,95,232.363531
73,96,297.563864
73,97,352.274655
73,98,416.253659
73,99,491.734782
74,75,70.764975
74,76,139.765335
74,77,204.843981
74,78,308.871595
74,79,348.542928
74,80,327.850666
74,81,257.529371
74,82,172.457550
74,83,119.872896
74,84,54.058245
74,85,86.993407
74,86,157.634843
74,87,240.269939
74,88,303.072195
74,89,388.615253
74,90,337.388841
74,91,259.010399
74,92,185.393348
74,93,154.644170
74,94,148.271740
74,95,161.659247
74,96,213.815791
74,97,266.503854
74,98,330.148617
74,99,404.637737
75,76,75.895000
75,77,134.189392
75,78,238.911106
75,79,277.907535
75,80,396.234228
75,81,324.792885
75,82,241.146538
75,83,179.892778
75,84,92.949837
75,85,46.456842
75,86,97.550038
75,87,171.303645
75,88,234.595833
75,89,318.197290
75,90,403.064965
75,91,320.742148
75,92,240.275011
75,93,197.953070
75,94,148.131398
75,95,137.740512
75,96,159.264640
75,97,205.236340
75,98,267.218126
75,99,337.921009
76,77,79.816767
76,78,173.479637
76,79,216.777234
76,80,467.564086
76,81,397.232886
76,82,312.185484
76,83,254.991549
76,84,168.844789
76,85,107.859105
76,86,109.171763
76,87,136.477520
76,88,197.098968
76,89,266.227192
76,90,476.663094
76,91,395.831648
76,92,316.140436
76,93,273.268405
76,94,211.359218
76,95,186.694210
76,96,167.113579
76,97,192.878298
76,98,246.049708
76,99,302.946974
77,78,106.323712
77,79,143.718343
77,80,529.026028
77,81,456.870560
77,82,374.544296
77,83,308.716766
77,84,218.933903
77,85,142.348503
77,86,95.860488
77,87,62.999721
77,88,118.786161
77,89,187.660942
77,90,533.364799
77,91,447.954988
77,92,363.123710
77,93,313.180909
77,94,228.053799
77,95,188.253841
77,96,128.468724
77,97,130.714580
77,98,174.013801
77,99,224.125474
78,79,47.306740
78,80,634.836944
78,81,562.896837
78,82,479.993053
78,83,415.027840
78,84,325.254520
78,85,248.368571
78,86,193.747448
78,87,111.222990
78,88,108.585764
78,89,110.734010
78,90,639.664329
78,91,554.211087
78,92,469.040945
78,93,418.179416
78,94,327.558967
78,95,282.963079
78,96,202.312807
78,97,171.018636
78,98,176.552090
78,99,182.194552
79,80,671.829577
79,81,599.329068
79,82,517.846625
79,83,450.128043
79,84,360.446183
79,85,282.067143
79,86,220.752310
79,87,129.198867
79,88,100.809196
79,89,66.304278
79,90,674.553763
79,91,587.582202
79,92,501.106670
79,93,448.346379
79,94,352.210227
79,95,304.829922
79,96,216.492277
79,97,173.565336
79,98,161.468074
79,99,146.877053
80,81,73.162030
80,82,155.393485
80,83,223.275305
80,84,311.892323
80,85,390.835288
80,86,459.044682
80,87,552.441085
80,88,610.529548
80,89,703.917873
80,90,44.978251
80,91,108.200495
80,92,189.033842
80,93,245.913001
80,94,353.880539
80,95,402.890909
80,96,494.240643
80,97,554.592491
80,98,616.971643
80,99,700.563895
81,82,86.272405
81,83,150.161984
81,84,239.077006
81,85,317.954535
81,86,385.902177
81,87,479.368177
81,88,537.367689
81,89,630.830139
81,90,81.973774
81,91,56.199675
81,92,119.577726
81,93,175.224934
81,94,282.287343
81,95,330.726484
81,96,421.412496
81,97,481.720493
81,98,544.305314
81,99,627.684930
82,83,78.815070
82,84,160.411143
82,85,238.971996
82,86,309.472866
82,87,401.307316
82,88,461.235513
82,89,552.591234
82,90,167.919353
82,91,105.455902
82,92,90.800029
82,93,127.641970
82,94,222.313905
82,95,266.263906
82,96,351.118599
82,97,410.569896
82,98,474.332500
82,99,555.753473
83,84,89.810551
83,85,168.188233
83,86,235.785987
83,87,329.214080
83,88,387.391231
83,89,480.669108
83,90,224.659042
83,91,140.872799
83,92,67.091621
83,93,62.466423
83,94,143.848340
83,95,187.495804
83,96,273.789929
83,97,333.688989
83,98,397.070785
83,99,479.381648
84,85,78.972038
84,86,149.133983
84,87,241.099822
84,88,300.835246
84,89,392.532501
84,90,314.467591
84,91,229.533873
84,92,147.410425
84,93,106.799036
84,94,98.853600
84,95,123.212221
84,96,194.621090
84,97,252.561102
84,98,316.760815
84,99,396.554429
85,86,72.484855
85,87,162.336572
85,88,222.895188
85,89,313.665052
85,90,392.486631
85,91,305.984587
85,92,220.775232
85,93,171.727151
85,94,104.660042
85,95,91.369595
85,96,126.838824
85,97,180.274430
85,98,244.288454
85,99,321.146171
86,87,94.227532
86,88,151.824071
86,89,245.177484
86,90,457.711830
86,91,369.096301
86,92,281.663409
86,93,227.850303
86,94,133.935159
86,95,92.397737
86,96,62.864371
86,97,109.041130
86,98,172.513774
86,99,248.671693
87,88,63.450021
87,89,151.490897
87,90,551.850219
87,91,463.323829
87,92,375.844981
87,93,321.645205
87,94,223.175236
87,95,175.658951
87,96,91.092657
87,97,71.374132
87,98,111.234589
87,99,168.516299
88,89,97.114253
88,90,607.787304
88,91,518.241376
88,92,430.182250
88,93,374.515401
88,94,270.926183
88,95,220.819673
88,96,126.408920
88,97,74.665551
88,98,68.632017
88,99,105.907978
89,90,702.783495
89,91,613.747679
89,92,525.893326
89,93,470.711653
89,94,367.937479
89,95,317.920886
89,96,223.420412
89,97,168.684794
89,98,132.584216
89,99,88.448139
90,91,90.794671
90,92,178.602771
90,93,235.707423
90,94,343.962101
90,95,394.202212
90,96,487.836358
90,97,548.201397
90,98,609.220957
90,99,693.784310
91,92,88.188947
91,93,145.033709
91,94,253.188152
91,95,303.495458
91,96,397.397760
91,97,457.714464
91,98,518.513263
91,99,603.165139
92,93,57.313376
92,94,165.751386
92,95,215.707165
92,96,309.268020
92,97,369.614462
92,98,430.690467
92,99,515.186351
93,94,108.438304
93,95,158.495815
93,96,252.483575
93,97,312.743550
93,98,373.513536
93,99,458.131504
94,95,50.792213
94,96,146.070060
94,97,205.728369
94,98,265.450861
94,99,350.357879
95,96,95.371394
95,97,154.937337
95,98,215.020493
95,99,299.753205
96,97,60.413951
96,98,123.284858
96,99,206.343799
97,98,64.257922
97,99,145.971510
98,99,85.333533
